Team,Player  ,Pos. ,KI  ,MK  ,HB  ,GL  ,BH  ,HO  ,TK  ,FF  ,FA  ,FANTASY_POINTS
ADE,"Laird, Rory",MID,14.27272727,3.727272727,17.72727273,0.136363636,0.363636364,0,5.909090909,1.727272727,1.5,
ADE,"Keays, Ben",MID,15.90909091,3.727272727,12.22727273,0.545454545,0.363636364,0,6.045454545,1.181818182,1.5,
ADE,"Seedsman, Paul",MID,15.77272727,5.363636364,10.31818182,0.545454545,0.590909091,0,2.318181818,0.818181818,0.818181818,
ADE,"Smith, Brodie",MID,15.09090909,4.863636364,4.590909091,0.090909091,0.181818182,0,1.727272727,0.409090909,0.363636364,
ADE,"Schoenberg, Harry",MID,10.45454545,2.818181818,7.954545455,0.454545455,0.409090909,0,3.590909091,0.727272727,1.454545455,
ADE,"Sloane, Rory",MID,9,3.045454545,9.272727273,0.136363636,0.090909091,0,3.954545455,1.090909091,0.772727273,
ADE,"Doedee, Tom",DEF,9.227272727,4.545454545,6.590909091,0.045454545,0.045454545,0,2.136363636,0.863636364,1,
ADE,"Sholl, Lachlan",FWD,9.454545455,3.545454545,5.727272727,0.136363636,0.318181818,0,0.954545455,0.318181818,0.227272727,
ADE,"Kelly, Jake",DEF,9.727272727,4.636363636,4.318181818,0,0,0,1.909090909,0.954545455,0.772727273,
ADE,"OBrien, Reilly",RUC,6.272727273,3.227272727,7.090909091,0.090909091,0,26.59090909,2.5,1.136363636,0.909090909,
ADE,"McHenry, Ned",FWD,5.454545455,2.454545455,6.272727273,0.5,0.318181818,0,2.954545455,0.954545455,1.681818182,
ADE,"McPherson, Andrew",FWD,7.090909091,2.454545455,4,0,0,0,1.318181818,0.363636364,0.318181818,
ADE,"Rowe, James",FWD,5.590909091,1.863636364,5.363636364,0.681818182,0.5,0,1.590909091,0.818181818,0.409090909,
ADE,"Butts, Jordon",DEF,6.863636364,3.818181818,3.636363636,0,0,0,1.363636364,1.045454545,0.772727273,
ADE,"Walker, Taylor",FWD,7.045454545,4.090909091,3.272727273,2.181818182,1.318181818,1.818181818,1.045454545,0.909090909,0.954545455,
ADE,"Lynch, Tom",FWD,5.863636364,2.909090909,3.909090909,0.363636364,0.409090909,0,0.681818182,0.590909091,0.363636364,
ADE,"Jones, Chayce",FWD,5.818181818,1.954545455,2.636363636,0.045454545,0.136363636,0,0.863636364,0.272727273,0.681818182,
ADE,"Murphy, Lachlan",FWD,4.545454545,1.136363636,3.454545455,0.409090909,0.681818182,0,1.545454545,1,0.409090909,
ADE,"Hamill, Will",DEF,4.272727273,1.227272727,3.590909091,0,0,0,1.590909091,0.818181818,0.363636364,
ADE,"Berry, Sam",MID,2.727272727,1.227272727,4.272727273,0.227272727,0.409090909,0,3.136363636,0.545454545,0.772727273,
ADE,"Thilthorpe, Riley",FWD,4.272727273,2,2.636363636,0.818181818,0.454545455,1.136363636,0.863636364,0.454545455,0.636363636,
ADE,"Brown, Luke",DEF,4.5,1.772727273,1.954545455,0,0,0,1.181818182,0.363636364,0.090909091,
ADE,"Fogarty, Darcy",FWD,4.318181818,2.409090909,1.909090909,1.090909091,0.545454545,0.045454545,0.954545455,0.863636364,0.727272727,
ADE,"McAdam, Shane",FWD,3.590909091,2.545454545,2.181818182,1.136363636,0.5,0,1.545454545,0.636363636,0.954545455,
ADE,"Frampton, Billy",FWD,2.909090909,2.272727273,1.5,0.090909091,0.5,1.090909091,0.363636364,0.181818182,0.318181818,
ADE,"Murray, Nick",DEF,3.181818182,1.318181818,0.909090909,0.045454545,0.045454545,0.045454545,0.818181818,0.590909091,0.454545455,
ADE,"Himmelberg, Elliott",FWD,1.909090909,1.136363636,1.318181818,0.363636364,0.272727273,0.636363636,0.363636364,0.454545455,0.318181818,
ADE,"Cook, Brayden",MID,1,0.272727273,0.909090909,0,0,0,0.136363636,0,0.045454545,
ADE,"Davis, Ben",FWD,0.909090909,0.454545455,0.681818182,0,0,0,0.136363636,0.136363636,0.045454545,
ADE,"Hately, Jackson",MID,0.818181818,0.318181818,0.772727273,0,0.090909091,0,0.545454545,0.045454545,0.045454545,
BRIS,"Lyons, Jarryd",MID,17.95454545,5.409090909,12.68181818,0.454545455,0.318181818,0,7,1.727272727,0.5,
BRIS,"Rich, Daniel",DEF,23.36363636,6.227272727,5,0.136363636,0.454545455,0,1.909090909,0.545454545,0.5,
BRIS,"McCluggage, Hugh",MID,18.5,5.590909091,8.772727273,0.681818182,1,0,4.045454545,1.045454545,1.045454545,
BRIS,"Zorko, Dayne",MID,17.54545455,5.545454545,7.681818182,0.772727273,0.818181818,0,6.363636364,1.409090909,1.818181818,
BRIS,"Neale, Lachie",MID,10,3,10.86363636,0.363636364,0.272727273,0,3.181818182,1.590909091,0.772727273,
BRIS,"Bailey, Zac",FWD,12.40909091,3.5,7.590909091,1.409090909,0.818181818,0,3.090909091,0.909090909,2.045454545,
BRIS,"Robinson, Mitch",MID,13.5,4.454545455,6.045454545,0.318181818,0.318181818,0,2.909090909,1.227272727,1.045454545,
BRIS,"Birchall, Grant",DEF,13.95454545,7.227272727,5.363636364,0.090909091,0,0,1.045454545,0.136363636,0.409090909,
BRIS,"Andrews, Harris",DEF,9.954545455,8.227272727,6,0.045454545,0.045454545,0,1.318181818,0.727272727,1.136363636,
BRIS,"Daniher, Joe",FWD,11.77272727,5.318181818,3.772727273,2.090909091,1.454545455,2.227272727,1.136363636,1.363636364,1.5,
BRIS,"McCarthy, Lincoln",FWD,8.318181818,3.5,5.590909091,1.636363636,0.681818182,0,3.636363636,1.227272727,1.272727273,
BRIS,"McInerney, Oscar",RUC,7.090909091,2.409090909,6.590909091,0.272727273,0.227272727,30.54545455,2.318181818,1.772727273,1.318181818,
BRIS,"Starcevich, Brandon",MID,9.818181818,4.090909091,3.727272727,0,0,0,1.863636364,0.681818182,1.181818182,
BRIS,"Cameron, Charlie",FWD,9.045454545,4.318181818,2.818181818,2.5,1.5,0,2.409090909,0.818181818,0.863636364,
BRIS,"Adams, Marcus",DEF,7.545454545,4.181818182,3.227272727,0,0,0,1.363636364,0.590909091,0.636363636,
BRIS,"Robertson, Deven",MID,5,2.409090909,4.545454545,0.181818182,0.090909091,0,3.045454545,0.454545455,0.409090909,
BRIS,"Ah Chee, Callum",MID,4.681818182,1.590909091,4.363636364,0.318181818,0,0,2.636363636,0.227272727,0.818181818,
BRIS,"Lester, Ryan",MID,5.090909091,3.272727273,3.909090909,0.045454545,0,0,1.454545455,0.454545455,0.545454545,
BRIS,"McStay, Daniel",FWD,5.454545455,4,3.227272727,1.272727273,0.454545455,0.363636364,2.636363636,0.863636364,0.409090909,
BRIS,"Hipwood, Eric",FWD,5.363636364,3.590909091,2.318181818,1.181818182,0.909090909,0,0.909090909,0.545454545,0.772727273,
BRIS,"Mathieson, Rhys",MID,3.818181818,1.636363636,3.863636364,0.090909091,0.090909091,0,1.772727273,0.363636364,0.681818182,
BRIS,"Coleman, Keidean",FWD,4.045454545,2,3.318181818,0.272727273,0.227272727,0,1.454545455,0.727272727,0.5,
BRIS,"Prior, Jaxon",MID,5.272727273,2.045454545,2,0.272727273,0.181818182,0,1.090909091,0.5,0.227272727,
BRIS,"Berry, Jarrod",MID,3.409090909,1.090909091,2.863636364,0.227272727,0.090909091,0,1.545454545,0.636363636,0.681818182,
BRIS,"Fullarton, Tom",RUC,2.363636364,1,3.318181818,0.136363636,0.045454545,1.909090909,0.954545455,0.227272727,0.227272727,
BRIS,"Payne, Jack",MID,3.318181818,2.227272727,2.090909091,0,0,0,0.727272727,0.090909091,0.227272727,
BRIS,"Gardiner, Darcy",DEF,2.772727273,1.545454545,1.727272727,0,0,0,0.181818182,0.272727273,0.5,
BRIS,"Madden, James",MID,2.227272727,1.136363636,2.272727273,0.045454545,0,0,0.727272727,0.363636364,0.090909091,
BRIS,"Cockatoo, Nakia",MID,0.818181818,0.227272727,1.090909091,0.227272727,0.045454545,0,1,0.181818182,0.181818182,
BRIS,"Berry, Tom",MID,0.636363636,0.272727273,1.045454545,0.090909091,0.045454545,0,0.909090909,0.090909091,0.227272727,
CARL,"Walsh, Sam",MID,13.54545455,5.772727273,16.27272727,0.545454545,0.272727273,0,4.545454545,1.090909091,1.454545455,
CARL,"Curnow, Ed",MID,14.45454545,4.818181818,8.090909091,0.454545455,0.136363636,0,3.636363636,0.590909091,1.045454545,
CARL,"Cripps, Patrick",MID,7.409090909,2.863636364,13.86363636,0.590909091,0.5,0.136363636,3.863636364,2.136363636,2,
CARL,"Saad, Adam",DEF,14.13636364,3.272727273,5.136363636,0.090909091,0.272727273,0,1.772727273,0.681818182,0.454545455,
CARL,"Weitering, Jacob",DEF,13.68181818,7.590909091,2.727272727,0,0.045454545,0.090909091,1.318181818,0.818181818,0.636363636,
CARL,"Docherty, Sam",DEF,11.45454545,4.863636364,4,0,0,0,1.409090909,0.727272727,0.181818182,
CARL,"Newnes, Jack",MID,8.545454545,4.227272727,5.636363636,0.181818182,0.409090909,0,1.545454545,0.909090909,0.545454545,
CARL,"Newman, Nic",DEF,9.045454545,3.909090909,3.454545455,0,0.045454545,0,2.454545455,0.818181818,0.5,
CARL,"Williams, Zac",DEF,9.136363636,2.5,2.863636364,0.227272727,0.181818182,0,1.181818182,0.5,0.636363636,
CARL,"Fogarty, Lachie",FWD,6.318181818,2.590909091,4.863636364,0.272727273,0.272727273,0,2.818181818,0.727272727,0.5,
CARL,"Dow, Paddy",MID,4.318181818,1.272727273,6.681818182,0.181818182,0.090909091,0,1.772727273,0.409090909,0.590909091,
CARL,"Kennedy, Matthew",MID,6.272727273,2.727272727,4.590909091,0.272727273,0.090909091,0,2.454545455,0.5,0.454545455,
CARL,"Stocker, Liam",DEF,7.409090909,2.636363636,3.409090909,0.090909091,0.045454545,0,1.681818182,0.681818182,0.454545455,
CARL,"Plowman, Lachie",DEF,7.272727273,3.863636364,2.681818182,0.045454545,0,0,0.909090909,0.636363636,0.590909091,
CARL,"Silvagni, Jack",FWD,5.909090909,3.181818182,3.181818182,0.409090909,0.590909091,0.772727273,1.727272727,0.636363636,0.545454545,
CARL,"Petrevski-Seton, Sam",DEF,6.090909091,2.545454545,2.909090909,0.045454545,0.136363636,0,1.181818182,0.318181818,0.318181818,
CARL,"McKay, Harry",FWD,7,5.136363636,1.409090909,2.636363636,1.5,0.272727273,1.227272727,1.227272727,0.818181818,
CARL,"Cottrell, Matthew",FWD,5.363636364,1.681818182,2.136363636,0.136363636,0.090909091,0,1.409090909,0.227272727,0.409090909,
CARL,"Fisher, Zac",FWD,3.863636364,1.045454545,3.363636364,0.181818182,0.363636364,0,1.090909091,0.227272727,0.409090909,
CARL,"Gibbons, Michael",FWD,4.454545455,1.772727273,2.636363636,0.363636364,0.227272727,0,1.227272727,0.272727273,0.272727273,
CARL,"Pittonet, Marc",RUC,3.045454545,1.181818182,3.636363636,0.227272727,0.227272727,17.22727273,1.272727273,0.772727273,1.090909091,
CARL,"Martin, Jack",FWD,4.272727273,2.772727273,2.090909091,0.363636364,0.272727273,0,1.181818182,0.409090909,0.5,
CARL,"Setterfield, Will",MID,3.363636364,1.590909091,2.272727273,0.045454545,0.272727273,0,0.772727273,0.272727273,0.454545455,
CARL,"Williamson, Tom",DEF,3.772727273,1.954545455,1.863636364,0.090909091,0.136363636,0,0.727272727,0.090909091,0.363636364,
CARL,"De Koning, Tom",RUC,3.681818182,1.818181818,1.909090909,0.318181818,0.181818182,9.954545455,1.227272727,0.727272727,0.681818182,
CARL,"Owies, Matthew",FWD,3.136363636,1.954545455,2.090909091,0.681818182,0.772727273,0,1.727272727,0.454545455,0.318181818,
CARL,"Casboult, Levi",FWD,3.5,2.136363636,1.545454545,0.363636364,0.227272727,3.590909091,1.136363636,0.5,0.772727273,
CARL,"OBrien, Lochie",MID,2.227272727,0.909090909,1.409090909,0.045454545,0.136363636,0,0.409090909,0.181818182,0.045454545,
CARL,"McGovern, Mitch",FWD,1.909090909,1.090909091,0.636363636,0.272727273,0.181818182,0,0.590909091,0.318181818,0,
CARL,"Cuningham, David",MID,1.181818182,0.409090909,1.272727273,0.136363636,0.090909091,0,0.272727273,0.090909091,0.136363636,
CARL,"Curnow, Charlie",FWD,1.590909091,0.727272727,0.636363636,0.090909091,0.227272727,0,0.272727273,0.045454545,0.318181818,
CARL,"Parks, Luke",DEF,1.363636364,0.545454545,0.681818182,0,0,0,0.545454545,0.227272727,0.227272727,
CARL,"Honey, Josh",FWD,1.090909091,0.590909091,0.545454545,0.272727273,0.136363636,0,0.272727273,0.090909091,0.045454545,
CARL,"Kemp, Brodie",FWD,0.636363636,0.363636364,0.227272727,0,0,0,0.136363636,0,0.045454545,
CARL,"McDonald, Oscar",FWD,0.363636364,0.136363636,0.045454545,0.090909091,0.045454545,0,0.090909091,0.136363636,0.045454545,
COLL,"Crisp, Jack",DEF,15.5,6.727272727,11.5,0.090909091,0.227272727,0,3.636363636,0.727272727,1.318181818,
COLL,"Sidebottom, Steele",FWD,12.36363636,5.181818182,10.36363636,0.363636364,0.227272727,0,2.818181818,0.636363636,1.090909091,
COLL,"Maynard, Brayden",DEF,15.22727273,5.5,5.727272727,0.045454545,0,0,2.590909091,0.727272727,1.181818182,
COLL,"de Goey, Jordan",FWD,11.40909091,4.909090909,7.681818182,1.045454545,1.045454545,0,1.772727273,0.545454545,0.818181818,
COLL,"Pendlebury, Scott",MID,8.954545455,3.045454545,10,0.181818182,0.181818182,0,3.136363636,0.590909091,0.454545455,
COLL,"Noble, John",DEF,11.81818182,5.181818182,6.772727273,0.090909091,0,0,2.590909091,1.045454545,0.636363636,
COLL,"Adams, Taylor",MID,8.863636364,2.090909091,8.5,0.090909091,0.090909091,0,3.545454545,1.363636364,0.727272727,
COLL,"Grundy, Brodie",RUC,8.409090909,3.272727273,8.954545455,0.545454545,0.272727273,29.40909091,3.818181818,1.409090909,1.954545455,
COLL,"Quaynor, Isaac",DEF,10.04545455,4.318181818,6.363636364,0.045454545,0.090909091,0,2.045454545,0.818181818,0.590909091,
COLL,"Daicos, Josh",MID,7.863636364,2.181818182,6.772727273,0.409090909,0.409090909,0,2.409090909,0.863636364,0.636363636,
COLL,"Hoskin-Elliott, Will",FWD,9.681818182,5.636363636,4.590909091,0.590909091,0.090909091,0,2.045454545,0.272727273,0.636363636,
COLL,"Madgen, Jack",DEF,7.227272727,4,6.590909091,0.045454545,0.090909091,0,0.863636364,0.454545455,0.272727273,
COLL,"Roughead, Jordan",DEF,8.636363636,6.227272727,3.954545455,0,0,0.409090909,1.590909091,0.545454545,0.636363636,
COLL,"Mihocek, Brody",FWD,8.090909091,5.590909091,2.272727273,1.545454545,1.545454545,0,1.590909091,0.727272727,0.863636364,
COLL,"Moore, Darcy",DEF,6.954545455,4.863636364,3.090909091,0.181818182,0.045454545,0,0.545454545,0.409090909,0.727272727,
COLL,"Cameron, Darcy",RUC,6.681818182,4.5,3.272727273,1,0.409090909,5.5,1.454545455,0.909090909,0.681818182,
COLL,"Elliott, Jamie",FWD,5.772727273,2.772727273,3.318181818,1.136363636,0.363636364,0,1.454545455,0.454545455,0.681818182,
COLL,"Brown, Callum",MID,3,1.863636364,4.863636364,0.136363636,0.272727273,0,2,0.363636364,0.227272727,
COLL,"Poulter, Caleb",MID,4.863636364,2.5,2.636363636,0.090909091,0.227272727,0,1,0.409090909,0.272727273,
COLL,"Bianco, Trent",MID,4.545454545,2.409090909,2.136363636,0.318181818,0.227272727,0,0.954545455,0.227272727,0.181818182,
COLL,"Murphy, Nathan",MID,4,2.272727273,2.545454545,0.045454545,0.136363636,0,0.727272727,0.727272727,0.272727273,
COLL,"Howe, Jeremy",DEF,4.454545455,2.090909091,1.863636364,0.045454545,0,0,0.863636364,0.272727273,0.227272727,
COLL,"Macrae, Finlay",MID,2.045454545,1.181818182,3.136363636,0.045454545,0,0,0.409090909,0.090909091,0.136363636,
COLL,"Ruscoe, Trey",DEF,3.318181818,1.227272727,1.5,0.090909091,0,0,0.681818182,0.136363636,0.318181818,
COLL,"Brown, Tyler",MID,1.590909091,0.636363636,2.727272727,0,0,0,0.5,0.045454545,0.181818182,
COLL,"Henry, Oliver",FWD,2.772727273,2,1.363636364,0.318181818,0.363636364,0,0.409090909,0.181818182,0.045454545,
COLL,"Sier, Brayden",MID,1.454545455,0.727272727,2.454545455,0.045454545,0,0,0.863636364,0.136363636,0,
ESSE,"Merrett, Zach",MID,16.40909091,4.409090909,16.54545455,0.181818182,0.318181818,0,5.090909091,1.863636364,1.181818182,
ESSE,"Parish, Darcy",MID,15.5,4.363636364,16.36363636,0.454545455,0.363636364,0,4.090909091,0.590909091,0.454545455,
ESSE,"Hind, Nick",DEF,16.59090909,5.181818182,5.772727273,0.181818182,0.090909091,0,2.045454545,0.863636364,0.863636364,
ESSE,"Heppell, Dyson",DEF,12.54545455,6,8.818181818,0.090909091,0.045454545,0,2.136363636,0.681818182,0.545454545,
ESSE,"Ridley, Jordan",DEF,15.45454545,5.954545455,5.636363636,0,0,0,1.318181818,0.727272727,0.590909091,
ESSE,"Redman, Mason",DEF,11.13636364,4.590909091,6.454545455,0.272727273,0.090909091,0,2,0.5,0.772727273,
ESSE,"Langford, Kyle",FWD,9.181818182,4.454545455,6.909090909,0.590909091,0.136363636,0.090909091,2.590909091,0.5,0.818181818,
ESSE,"Snelling, Will",FWD,7.045454545,3.363636364,9.045454545,0.545454545,0.318181818,0,4.5,0.954545455,0.409090909,
ESSE,"McGrath, Andrew",MID,7.772727273,1.954545455,7.590909091,0.090909091,0.181818182,0,3,0.772727273,0.5,
ESSE,"Laverde, Jayden",DEF,9.181818182,6.090909091,5.272727273,0.045454545,0,0,1.590909091,0.772727273,1.136363636,
ESSE,"Stringer, Jake",FWD,9.545454545,2.5,4.636363636,1.863636364,0.818181818,0,3.454545455,1.363636364,1.045454545,
ESSE,"Smith, Devon",FWD,7.045454545,3.090909091,5.818181818,0.727272727,0.863636364,0,3.545454545,0.5,1.045454545,
ESSE,"Cox, Nik",MID,6.909090909,3.681818182,4.863636364,0.409090909,0.409090909,0.545454545,2.136363636,0.727272727,1.045454545,
ESSE,"Wright, Peter",FWD,6.636363636,4.090909091,4.545454545,1.318181818,0.636363636,9.454545455,1.681818182,1.409090909,1.045454545,
ESSE,"Perkins, Archie",FWD,5.272727273,2.636363636,5.545454545,0.409090909,0.636363636,0,1.909090909,0.590909091,0.590909091,
ESSE,"Guelfi, Matt",MID,5.636363636,3.363636364,5.090909091,0.272727273,0.181818182,0,2.454545455,0.5,0.863636364,
ESSE,"Ham, Brayden",FWD,5.363636364,2.590909091,4.954545455,0.227272727,0.454545455,0,1.363636364,0.227272727,0.409090909,
ESSE,"Stewart, James",DEF,6.181818182,4.045454545,3.5,0,0,0,0.863636364,0.318181818,1,
ESSE,"McDonald-Tipungwuti, Anthony",FWD,5.863636364,2.227272727,3.272727273,1.545454545,0.636363636,0,2.545454545,0.727272727,0.818181818,
ESSE,"Cutler, Tom",DEF,5.136363636,2.318181818,2.954545455,0.045454545,0.181818182,0,0.727272727,0.227272727,0.090909091,
ESSE,"Francis, Aaron",DEF,4.5,3.181818182,3.181818182,0.090909091,0.272727273,0.045454545,0.772727273,0.681818182,0.545454545,
ESSE,"Shiel, Dylan",MID,3.363636364,0.727272727,3.681818182,0.136363636,0.181818182,0,1.090909091,0.136363636,0.363636364,
ESSE,"Waterman, Alec",FWD,3.727272727,1.954545455,2.727272727,0.772727273,0.363636364,0,1.272727273,0.363636364,0.272727273,
ESSE,"Draper, Sam",RUC,3.863636364,1.409090909,2.090909091,0.090909091,0.227272727,14.36363636,1.045454545,0.727272727,1.090909091,
ESSE,"Jones, Harry",FWD,3.5,2.590909091,1.818181818,0.909090909,0.272727273,0.181818182,0.954545455,0.318181818,0.272727273,
ESSE,"Durham, Sam",MID,2.136363636,1.409090909,2.363636364,0.045454545,0.090909091,0,0.409090909,0.181818182,0.045454545,
ESSE,"Phillips, Andrew",RUC,1.454545455,1.090909091,1.363636364,0.181818182,0.045454545,5.590909091,1.045454545,0.363636364,0.363636364,
ESSE,"Zerk-Thatcher, Brandon",DEF,1.636363636,1,1.090909091,0,0,0.045454545,0.5,0.136363636,0.272727273,
ESSE,"Caldwell, Jye",MID,1.227272727,0.363636364,0.863636364,0,0.045454545,0,0.727272727,0.272727273,0,
FREO,"Brayshaw, Andrew",MID,12.04545455,4.590909091,13.77272727,0.363636364,0.227272727,0,4.227272727,1.136363636,1.045454545,
FREO,"Mundy, David",MID,11.27272727,3.090909091,13.86363636,0.681818182,0.318181818,0,3.954545455,0.818181818,0.954545455,
FREO,"Serong, Caleb",MID,12.68181818,2.909090909,10.18181818,0.363636364,0.454545455,0,3.272727273,1.045454545,0.545454545,
FREO,"Cerra, Adam",MID,11.36363636,4.227272727,7.5,0.227272727,0.454545455,0,2.136363636,0.954545455,0.545454545,
FREO,"Aish, James",MID,10.72727273,4.181818182,8.090909091,0.045454545,0.363636364,0,2.227272727,0.590909091,0.590909091,
FREO,"Ryan, Luke",DEF,15.09090909,6.181818182,3.727272727,0,0,0,1.545454545,0.636363636,0.863636364,
FREO,"Fyfe, Nat",MID,7,2.636363636,9.409090909,0.272727273,0.954545455,0,2.772727273,0.818181818,1.636363636,
FREO,"Darcy, Sean",RUC,7.090909091,4.090909091,8.772727273,0.545454545,0.545454545,27.22727273,2.909090909,1,1.727272727,
FREO,"Acres, Blake",FWD,8.363636364,3.045454545,6.272727273,0.090909091,0,0.454545455,2.045454545,0.545454545,0.818181818,
FREO,"Wilson, Nathan",DEF,10.59090909,3.363636364,3.227272727,0,0.181818182,0,0.818181818,0.545454545,0.590909091,
FREO,"Colyer, Travis",FWD,8.863636364,3.409090909,3.772727273,0.681818182,0.863636364,0,2,0.272727273,0.409090909,
FREO,"Tucker, Darcy",DEF,6.909090909,2.909090909,5.454545455,0,0.090909091,0,1.318181818,0.454545455,0.545454545,
FREO,"Walters, Michael",FWD,6.681818182,2.863636364,3.454545455,0.636363636,0.5,0,1.5,0.954545455,0.636363636,
FREO,"Schultz, Lachie",FWD,6.727272727,3.636363636,3.272727273,1,0.772727273,0,2.454545455,0.909090909,0.818181818,
FREO,"Logue, Griffin",DEF,5.136363636,3.454545455,3.227272727,0,0,0,1,0.590909091,0.545454545,
FREO,"Taberner, Matthew",FWD,6.136363636,4.045454545,1.909090909,1.681818182,0.772727273,0,0.454545455,0.727272727,0.772727273,
FREO,"Lobb, Rory",RUC,4.909090909,3.318181818,2.727272727,0.909090909,0.863636364,2.454545455,0.681818182,0.590909091,0.227272727,
FREO,"Crowden, Mitch",FWD,3.181818182,1.545454545,4.409090909,0.227272727,0.318181818,0,1.318181818,0.363636364,0.181818182,
FREO,"Henry, Liam",FWD,4.818181818,1.681818182,2.136363636,0.454545455,0.409090909,0,0.818181818,0.590909091,0.454545455,
FREO,"Switkowski, Sam",MID,3.590909091,1.636363636,3.045454545,0.409090909,0.409090909,0,1.454545455,0.318181818,0.181818182,
FREO,"Cox, Brennan",DEF,3.954545455,2.545454545,2.5,0,0,0.045454545,0.5,0.181818182,0.545454545,
FREO,"Hughes, Ethan",DEF,3.409090909,1.318181818,2.909090909,0,0.045454545,0,0.545454545,0.272727273,0.227272727,
FREO,"Conca, Reece",DEF,3.090909091,1.590909091,3.045454545,0,0,0,0.818181818,0.227272727,0.454545455,
FREO,"Young, Hayden",DEF,3.863636364,2.045454545,1.909090909,0,0,0,0.863636364,0.318181818,0.136363636,
FREO,"Blakely, Connor",MID,2.272727273,1.363636364,3,0.045454545,0.090909091,0,0.5,0.363636364,0.227272727,
FREO,"Treacy, Josh",FWD,3.181818182,2.318181818,2.045454545,0.590909091,0.454545455,0.318181818,1.409090909,0.5,0.636363636,
FREO,"Walker, Brandon",DEF,3.272727273,1.636363636,1.454545455,0,0.136363636,0,0.772727273,0.045454545,0.181818182,
FREO,"Pearce, Alex",DEF,2.545454545,1.227272727,1.818181818,0,0.045454545,0.045454545,0.454545455,0.545454545,0.227272727,
FREO,"Bewley, Brett",DEF,1.954545455,0.727272727,1.454545455,0.090909091,0,0,0.545454545,0.227272727,0.136363636,
FREO,"Frederick, Michael",FWD,2.363636364,1.590909091,0.727272727,0.227272727,0.5,0,0.318181818,0.227272727,0.045454545,
FREO,"Banfield, Bailey",FWD,1.318181818,0.545454545,1.227272727,0.181818182,0.090909091,0,0.636363636,0.136363636,0.272727273,
FREO,"Hamling, Joel",DEF,0.136363636,0,0.318181818,0,0,0.090909091,0.045454545,0.136363636,0,
FREO,"Sturt, Sam",FWD,0.136363636,0.090909091,0.090909091,0.045454545,0.045454545,0,0,0,0,
GEEL,"Guthrie, Cameron",MID,15.54545455,5.863636364,14.77272727,0.181818182,0.363636364,0,4.181818182,0.863636364,0.727272727,
GEEL,"Selwood, Joel",MID,12.63636364,3.5,12.45454545,0.272727273,0.181818182,0,5.136363636,2.454545455,1.272727273,
GEEL,"Smith, Isaac",MID,17.40909091,7.545454545,7.590909091,0.681818182,0.409090909,0,1.727272727,0.363636364,0.454545455,
GEEL,"Menegola, Sam",MID,14.72727273,5.681818182,9.5,0.545454545,0.545454545,0,2.363636364,0.5,1.090909091,
GEEL,"Tuohy, Zach",DEF,14.81818182,5.090909091,7.045454545,0.5,0.363636364,0,1.181818182,0.409090909,0.772727273,
GEEL,"Stewart, Tom",DEF,17.18181818,8.090909091,4.636363636,0,0.136363636,0,0.954545455,0.727272727,0.590909091,
GEEL,"Parfitt, Brandan",MID,10.22727273,1.454545455,9.409090909,0.363636364,0.318181818,0,5.818181818,1.590909091,1.318181818,
GEEL,"Atkins, Tom",MID,9.409090909,3.818181818,7.681818182,0,0.045454545,0,3.409090909,0.409090909,1.227272727,
GEEL,"Dangerfield, Patrick",MID,9.636363636,3.227272727,7.227272727,0.363636364,0.318181818,0,2.409090909,1.272727273,1,
GEEL,"Bews, Jed",DEF,9.954545455,5.272727273,5.681818182,0.136363636,0.090909091,0,2.272727273,0.772727273,0.681818182,
GEEL,"Hawkins, Tom",FWD,9.772727273,5.863636364,5.772727273,2.818181818,1.681818182,4.181818182,2.272727273,0.636363636,1.590909091,
GEEL,"Henry, Jack",DEF,9.863636364,6.818181818,5.409090909,0.318181818,0.090909091,0.454545455,1.954545455,0.772727273,0.363636364,
GEEL,"Higgins, Shaun",FWD,7.136363636,3.636363636,8.045454545,0.181818182,0.545454545,0,2.227272727,0.5,0.590909091,
GEEL,"Blicavs, Mark",DEF,7.454545455,4.272727273,7.545454545,0.227272727,0,12.86363636,3.045454545,1.454545455,1.045454545,
GEEL,"Duncan, Mitch",MID,9.090909091,4.454545455,5.227272727,0.363636364,0.090909091,0,1.5,0.727272727,0.227272727,
GEEL,"Close, Brad",FWD,6,2.772727273,7.227272727,0.681818182,0.454545455,0,3.272727273,1.136363636,0.363636364,
GEEL,"Stanley, Rhys",RUC,6.909090909,3.363636364,5.863636364,0.363636364,0.227272727,17.77272727,1.5,1.181818182,0.954545455,
GEEL,"Kolodjashnij, Jake",DEF,7.5,5.454545455,4.727272727,0.045454545,0,0,1.227272727,0.318181818,0.681818182,
GEEL,"Dahlhaus, Luke",FWD,4.681818182,1.863636364,6.818181818,0.318181818,0.681818182,0,3.590909091,0.818181818,0.863636364,
GEEL,"Miers, Gryan",FWD,5.909090909,2.636363636,4.636363636,0.545454545,0.318181818,0,1.045454545,0.545454545,0.181818182,
GEEL,"Narkle, Quinton",MID,3.909090909,1.681818182,5.863636364,0.181818182,0.181818182,0,1.136363636,0.136363636,0.272727273,
GEEL,"Rohan, Gary",FWD,6.681818182,3.409090909,3.045454545,1.454545455,0.818181818,0,1.863636364,1,0.636363636,
GEEL,"OConnor, Mark",MID,5.045454545,2.181818182,4.318181818,0.045454545,0,0,1.818181818,0.5,0.590909091,
GEEL,"Cameron, Jeremy",FWD,5.363636364,2.590909091,2.590909091,1.772727273,0.727272727,0,0.727272727,0.772727273,0.590909091,
GEEL,"Guthrie, Zach",MID,5.454545455,2.318181818,1.818181818,0,0.045454545,0,1.454545455,0.318181818,0.181818182,
GEEL,"Holmes, Max",FWD,2.454545455,1.090909091,2.909090909,0.045454545,0.318181818,0,1.454545455,0.136363636,0.181818182,
GEEL,"Ratugolea, Esava",RUC,2.863636364,1.454545455,2.363636364,0.5,0.227272727,4.227272727,1.363636364,0.818181818,0.590909091,
GEEL,"Clark, Jordan",MID,2.772727273,1.181818182,2.363636364,0.136363636,0.090909091,0,1,0.090909091,0.318181818,
GEEL,"Simpson, Sam",MID,1.272727273,0.590909091,1.136363636,0.090909091,0.090909091,0,0.363636364,0.181818182,0.136363636,
GEEL,"Constable, Charlie",MID,0.954545455,0.590909091,0.727272727,0.045454545,0,0,0.136363636,0.045454545,0.045454545,
GEEL,"Kreuger, Nathan",RUC,0.5,0.318181818,0.181818182,0,0,0,0.363636364,0.090909091,0.090909091,
GEEL,"De Koning, Sam",RUC,0.318181818,0.136363636,0.045454545,0,0.090909091,0.045454545,0,0,0.090909091,
GEEL,"Evans, Francis",FWD,0.363636364,0.181818182,0,0.090909091,0.045454545,0,0.045454545,0,0,
GCS,"Miller, Touk",MID,15.18181818,4.318181818,15.18181818,0.363636364,0.363636364,0.045454545,6.772727273,1.590909091,1.181818182,
GCS,"Swallow, David",MID,11.72727273,4.818181818,9.181818182,0.272727273,0.318181818,0,4.5,0.727272727,1.090909091,
GCS,"Anderson, Noah",MID,12,3.772727273,8.590909091,0,0.272727273,0,2.727272727,0.5,0.863636364,
GCS,"Lukosius, Jack",DEF,17.36363636,7.818181818,2.727272727,0.136363636,0.5,0,1.454545455,0.590909091,0.909090909,
GCS,"Ellis, Brandon",DEF,12.40909091,5.909090909,6.818181818,0.227272727,0.090909091,0,2.136363636,0.5,0.772727273,
GCS,"Bowes, Jack",MID,13.95454545,4.409090909,4.409090909,0.045454545,0.090909091,0,1.727272727,0.454545455,0.681818182,
GCS,"Powell, Wil",MID,11.77272727,5.227272727,6,0.045454545,0.045454545,0,2.454545455,0.954545455,0.636363636,
GCS,"Ballard, Charlie",DEF,10.31818182,6.363636364,2.772727273,0,0,0,1.136363636,0.909090909,0.727272727,
GCS,"Markov, Oleg",DEF,8.772727273,4.863636364,4.090909091,0.045454545,0.181818182,0,1.727272727,0.272727273,0.227272727,
GCS,"Lemmens, Sean",DEF,8.909090909,3.454545455,3.272727273,0,0,0,2,0.545454545,1.409090909,
GCS,"Greenwood, Hugh",MID,6.954545455,1.136363636,5,0.272727273,0.272727273,0.363636364,5.909090909,0.727272727,0.318181818,
GCS,"Ainsworth, Ben",FWD,8.5,4.090909091,3.363636364,0.545454545,0.818181818,0,1.590909091,0.636363636,0.636363636,
GCS,"Weller, Lachie",FWD,6.227272727,3.227272727,4.727272727,0.318181818,0.136363636,0,2,0.227272727,0.363636364,
GCS,"Fiorini, Brayden",MID,6.045454545,2.363636364,4.590909091,0.090909091,0.090909091,0,2.136363636,0.318181818,0.272727273,
GCS,"Collins, Sam",DEF,6.909090909,5.409090909,3.545454545,0,0,0,1.454545455,0.818181818,0.909090909,
GCS,"Sexton, Alex",FWD,7.590909091,3.954545455,2.272727273,0.954545455,0.636363636,0,1.045454545,0.636363636,0.318181818,
GCS,"Rankine, Izak",FWD,5.454545455,2.318181818,4.181818182,0.727272727,0.5,0,2.090909091,0.727272727,1.272727273,
GCS,"Holman, Nick",MID,5.045454545,3.045454545,4.272727273,0.454545455,0.227272727,0,3.272727273,0.681818182,0.681818182,
GCS,"Flanders, Sam",FWD,4.363636364,2.090909091,4.227272727,0.181818182,0.227272727,0,2.818181818,1,0.363636364,
GCS,"King, Ben",FWD,5.727272727,4.090909091,2.454545455,2.136363636,1.136363636,0.181818182,0.772727273,0.818181818,0.5,
GCS,"Burgess, Chris",RUC,5.090909091,3.045454545,2.818181818,0.454545455,0.454545455,8.045454545,1.909090909,0.727272727,0.545454545,
GCS,"Rowell, Matt",MID,3,1,4.681818182,0.090909091,0,0,2.227272727,1.090909091,0.590909091,
GCS,"Sharp, Jeremy",FWD,5.136363636,2.409090909,2.363636364,0.090909091,0.136363636,0,0.318181818,0.272727273,0.181818182,
GCS,"Macpherson, Darcy",FWD,4.454545455,2.181818182,2.727272727,0.045454545,0.272727273,0,1.954545455,0.409090909,0.454545455,
GCS,"Farrar, Jy",DEF,4.090909091,2.545454545,2.5,0,0,0,0.636363636,0.045454545,0.227272727,
GCS,"Corbett, Josh",FWD,4.590909091,3.545454545,1.863636364,1.045454545,0.5,0.181818182,0.545454545,0.590909091,0.545454545,
GCS,"Atkins, Rory",MID,2.136363636,0.727272727,1.863636364,0.090909091,0.090909091,0,0.409090909,0,0.136363636,
GWS,"Taranto, Tim",FWD,16.90909091,5.363636364,12.04545455,0.590909091,0.590909091,0,5.818181818,1.181818182,1.045454545,
GWS,"Hopper, Jacob",MID,14.13636364,3.272727273,13.45454545,0.454545455,0.318181818,0,4,1.318181818,1.772727273,
GWS,"Kelly, Josh",MID,15.13636364,3.727272727,12.18181818,0.727272727,0.681818182,0,5.818181818,1.045454545,0.772727273,
GWS,"Ward, Callan",MID,12.63636364,4.090909091,12.13636364,0.681818182,0.227272727,0.227272727,3.227272727,1.545454545,1.090909091,
GWS,"Cumming, Isaac",DEF,16.90909091,5.954545455,6.954545455,0.045454545,0.181818182,0,2.545454545,0.545454545,0.818181818,
GWS,"Whitfield, Lachie",DEF,12.86363636,4.863636364,6.454545455,0.136363636,0.045454545,0,1.863636364,0.681818182,0.5,
GWS,"Perryman, Harry",DEF,12.18181818,4.181818182,6,0.181818182,0.227272727,0,1.772727273,0.545454545,0.272727273,
GWS,"Ash, Lachie",DEF,12.04545455,5.045454545,5.772727273,0.045454545,0.045454545,0,2.863636364,0.272727273,0.454545455,
GWS,"Haynes, Nick",DEF,11.5,7.090909091,5.454545455,0.045454545,0.045454545,0,0.772727273,0.636363636,0.590909091,
GWS,"Green, Tom",MID,6.318181818,2.5,10.04545455,0.318181818,0.272727273,0.045454545,2.409090909,0.863636364,0.681818182,
GWS,"Greene, Toby",FWD,10.54545455,3.545454545,3.5,2.045454545,1.863636364,0.090909091,1.772727273,1.5,1.318181818,
GWS,"Himmelberg, Harry",FWD,8.818181818,4.909090909,4.863636364,1.636363636,0.863636364,0.227272727,2.090909091,1,0.954545455,
GWS,"Idun, Connor",DEF,7.863636364,5.636363636,5.181818182,0,0,0,1.863636364,0.681818182,0.5,
GWS,"Taylor, Sam",DEF,7.454545455,5.272727273,4.954545455,0,0,0,1.772727273,1,0.363636364,
GWS,"Lloyd, Daniel",FWD,6.363636364,3.090909091,2.863636364,0.909090909,0.363636364,0,2.045454545,0.363636364,0.863636364,
GWS,"OHalloran, Xavier",MID,5.636363636,1.909090909,2.545454545,0.227272727,0.136363636,0,1,0.454545455,0.363636364,
GWS,"Daniels, Brent",FWD,4.136363636,1,3.909090909,0.090909091,0.181818182,0,1.590909091,0.545454545,0.181818182,
GWS,"Buckley, Jack",DEF,5.090909091,3.090909091,2.590909091,0,0.090909091,0.045454545,1.545454545,0.318181818,0.772727273,
GWS,"de Boer, Matt",MID,3,1.545454545,4.272727273,0.090909091,0.090909091,0,1.818181818,0.227272727,0.318181818,
GWS,"Hill, Bobby",FWD,5.136363636,1.5,1.863636364,0.636363636,0.545454545,0,2.181818182,0.454545455,0.181818182,
GWS,"Flynn, Matt",RUC,2.5,2.090909091,3.954545455,0.227272727,0.090909091,10.09090909,1.363636364,0.727272727,0.409090909,
GWS,"Mumford, Shane",RUC,2,0.863636364,4.454545455,0.181818182,0,16.54545455,3.090909091,1.227272727,1.181818182,
GWS,"Finlayson, Jeremy",FWD,4.818181818,1.818181818,1.590909091,1.045454545,0.409090909,1.090909091,0.681818182,0.636363636,0.5,
GWS,"Kennedy, Adam",MID,3.272727273,1.590909091,2.681818182,0.045454545,0.045454545,0,0.909090909,0.227272727,0.227272727,
GWS,"Reid, Sam",FWD,2.909090909,1.136363636,2.636363636,0.181818182,0.181818182,0,1.590909091,0.318181818,0.681818182,
GWS,"Hogan, Jesse",FWD,3.363636364,2.590909091,1.863636364,0.909090909,0.409090909,0,0.5,0.272727273,0.318181818,
GWS,"Davis, Phil",DEF,2.909090909,2.136363636,2.136363636,0,0,0,0.727272727,0.454545455,0.636363636,
GWS,"Coniglio, Stephen",MID,2.772727273,0.636363636,1.909090909,0.045454545,0.181818182,0,1.227272727,0.318181818,0.136363636,
GWS,"Bruhn, Tanner",FWD,2.545454545,0.727272727,2.045454545,0.181818182,0.181818182,0,1.5,0.363636364,0.227272727,
GWS,"Sproule, Zach",FWD,2.5,1.227272727,1.409090909,0.5,0.227272727,0.636363636,1.181818182,0.409090909,0.681818182,
GWS,"Riccardi, Jake",FWD,2,1.090909091,1.681818182,0.090909091,0.045454545,0.090909091,0.136363636,0.090909091,0.045454545,
GWS,"Keeffe, Lachlan",DEF,2.590909091,1.681818182,1,0.045454545,0,0.863636364,0.727272727,0.181818182,0.227272727,
GWS,"Briggs, Kieren",RUC,1.045454545,0.409090909,1.181818182,0.090909091,0,3.863636364,1,0.363636364,0.272727273,
GWS,"Peatling, James",DEF,1.227272727,0.681818182,0.681818182,0,0,0,0.272727273,0.181818182,0.181818182,
GWS,"Stein, Jake",DEF,1.318181818,0.909090909,0.5,0,0,0,0.318181818,0.090909091,0.272727273,
HAW,"Mitchell, Tom",MID,14.59090909,4.454545455,19.68181818,0.363636364,0.227272727,0,4.772727273,1.090909091,1.318181818,
HAW,"OMeara, Jaeger",MID,10.54545455,3.363636364,10.95454545,0.227272727,0.409090909,0,4.136363636,0.727272727,1.409090909,
HAW,"Shiels, Liam",MID,11.09090909,4.227272727,9.090909091,0.227272727,0.181818182,0,4.5,0.727272727,1.409090909,
HAW,"Worpel, James",MID,10.54545455,2.454545455,8.818181818,0.454545455,0.363636364,0,3.727272727,0.681818182,1.227272727,
HAW,"Hardwick, Blake",DEF,14.18181818,4.909090909,4.818181818,0,0.090909091,0,1.863636364,1,0.454545455,
HAW,"Scrimshaw, Jack",DEF,11.31818182,5.772727273,7.409090909,0.181818182,0.090909091,0,1.318181818,0.363636364,0.136363636,
HAW,"Phillips, Tom",FWD,10.95454545,4.227272727,7.5,0.590909091,0.227272727,0,2.136363636,1.045454545,0.272727273,
HAW,"Howe, Daniel",MID,11.31818182,4.954545455,5.636363636,0.363636364,0.227272727,0,1.818181818,0.818181818,0.772727273,
HAW,"Wingard, Chad",FWD,9.045454545,2.636363636,7.181818182,0.545454545,0.5,0,2.772727273,0.863636364,0.363636364,
HAW,"Frost, Sam",DEF,8.818181818,5.090909091,6.318181818,0,0,0.136363636,2,0.318181818,1.409090909,
HAW,"Jiath, Changkuoth",DEF,7.818181818,4.227272727,6.909090909,0,0.090909091,0,1.181818182,0.818181818,1,
HAW,"Moore, Dylan",FWD,7.272727273,3.454545455,6.681818182,1.227272727,0.5,0,2.636363636,1.227272727,0.409090909,
HAW,"Impey, Jarman",FWD,8.227272727,3.181818182,4.863636364,0.090909091,0,0,1.5,0.727272727,0.181818182,
HAW,"McEvoy, Ben",RUC,6.136363636,5.045454545,6.363636364,0.545454545,0.363636364,16.81818182,3.545454545,1.272727273,0.636363636,
HAW,"Breust, Luke",FWD,5.5,2.136363636,5.318181818,1.5,0.5,0,2.818181818,0.545454545,0.590909091,
HAW,"Morrison, Harry",MID,5.636363636,3.045454545,4.863636364,0.318181818,0.090909091,0,1.545454545,0.318181818,0.636363636,
HAW,"OBrien, Tim",FWD,6.681818182,4.090909091,3.272727273,0.545454545,0.227272727,0.545454545,1.454545455,0.818181818,0.727272727,
HAW,"Hartigan, Kyle",DEF,4.818181818,3,4.318181818,0,0,0.090909091,0.727272727,0.681818182,1.272727273,
HAW,"Bramble, Lachlan",DEF,5.409090909,2,2.909090909,0.045454545,0.136363636,0,0.909090909,0.318181818,0.136363636,
HAW,"Ceglar, Jonathon",RUC,3.045454545,2.409090909,5.136363636,0.090909091,0.090909091,11.31818182,1.181818182,0.454545455,0.727272727,
HAW,"Koschitzke, Jacob",FWD,4.454545455,3.5,2.954545455,1.227272727,0.863636364,0.045454545,1.681818182,0.590909091,0.318181818,
HAW,"Lewis, Mitch",FWD,4.136363636,3.045454545,2.318181818,1,0.409090909,1.318181818,1.272727273,0.590909091,0.454545455,
HAW,"Nash, Conor",FWD,2.318181818,1.181818182,2.681818182,0.090909091,0.045454545,0,1.045454545,0.136363636,0.454545455,
HAW,"Day, Will",DEF,2.5,1.136363636,2,0,0,0,0.363636364,0.227272727,0.318181818,
HAW,"Brockman, Tyler",FWD,2.363636364,1.227272727,2.090909091,0.454545455,0.181818182,0,1.045454545,0.090909091,0.272727273,
HAW,"Newcombe, Jai",MID,1.454545455,0.772727273,1.363636364,0.045454545,0.045454545,0,1.772727273,0.181818182,0.363636364,
HAW,"Reeves, Ned",RUC,0.863636364,0.363636364,1.318181818,0.045454545,0,5.954545455,0.909090909,0.227272727,0.227272727,
HAW,"Grainger-Barras, Denver",DEF,1.136363636,0.772727273,0.545454545,0,0,0,0.5,0.136363636,0.090909091,
HAW,"Jeka, Emerson",FWD,0.590909091,0.318181818,0.590909091,0.090909091,0.090909091,0,0.181818182,0.045454545,0,
HAW,"Maginness, Finn",MID,0.227272727,0.045454545,0.454545455,0,0,0,0.227272727,0.045454545,0.045454545,
HAW,"Downie, Connor",MID,0.272727273,0.090909091,0.272727273,0,0,0,0,0,0,
HAW,"Gunston, Jack",FWD,0.272727273,0.045454545,0.045454545,0,0,0,0.090909091,0,0,
MEL,"Oliver, Clayton",MID,16.27272727,4.045454545,19.59090909,0.5,0.818181818,0,6.181818182,1.954545455,2.090909091,
MEL,"Petracca, Christian",MID,18.59090909,5.727272727,14.59090909,1.318181818,0.863636364,0,4.681818182,1.045454545,1.318181818,
MEL,"Salem, Christian",DEF,18.40909091,6.590909091,9.227272727,0.136363636,0.090909091,0,2.636363636,0.636363636,0.818181818,
MEL,"Langdon, Ed",MID,14.31818182,5.909090909,9.5,0.590909091,0.409090909,0,2.045454545,0.681818182,0.363636364,
MEL,"Gawn, Max",RUC,14.36363636,5.954545455,6.681818182,0.727272727,0.772727273,36.54545455,3.227272727,1.5,1.545454545,
MEL,"Brayshaw, Angus",MID,12.45454545,4.772727273,8.454545455,0.136363636,0.318181818,0,2.772727273,0.545454545,0.863636364,
MEL,"Neal-Bullen, Alex",MID,11.59090909,3.636363636,6.954545455,0.681818182,0.5,0,5.045454545,1.363636364,0.863636364,
MEL,"May, Steven",DEF,15.40909091,5.681818182,2.772727273,0,0.090909091,0,1.090909091,0.636363636,0.772727273,
MEL,"Lever, Jake",DEF,11,6.181818182,6.681818182,0,0.045454545,0,2,1.045454545,1.045454545,
MEL,"Rivers, Trent",DEF,10.95454545,4.590909091,6.227272727,0.045454545,0.045454545,0,1.772727273,0.318181818,0.636363636,
MEL,"Harmes, James",MID,6.909090909,2.363636364,10.09090909,0.318181818,0.454545455,0,4.272727273,0.909090909,1.090909091,
MEL,"Jordon, James",MID,8.090909091,2.909090909,8.409090909,0.272727273,0.272727273,0,4.409090909,0.818181818,0.409090909,
MEL,"Viney, Jack",MID,7.363636364,1.681818182,7.863636364,0.181818182,0.318181818,0,4.818181818,1.363636364,0.818181818,
MEL,"McDonald, Tom",FWD,9.863636364,5.545454545,4.772727273,1.5,1,1.363636364,2.318181818,1,1.181818182,
MEL,"Jackson, Luke",RUC,4.863636364,3.272727273,9.136363636,0.727272727,0.409090909,11.59090909,2.181818182,1.090909091,0.5,
MEL,"Pickett, Kysaiah",FWD,8.772727273,2.681818182,4.681818182,1.818181818,1.272727273,0,3.954545455,0.909090909,0.954545455,
MEL,"Spargo, Charlie",FWD,8.863636364,3.818181818,4.181818182,0.818181818,0.727272727,0,2.681818182,1.181818182,0.727272727,
MEL,"Hunt, Jayden",FWD,8.136363636,2.909090909,4.318181818,0.090909091,0.136363636,0,2.227272727,0.727272727,0.863636364,
MEL,"Fritsch, Bayley",FWD,8.636363636,5.272727273,2.454545455,2.681818182,1.090909091,0,2.136363636,0.818181818,0.954545455,
MEL,"Hibberd, Michael",DEF,5.772727273,2.636363636,4.545454545,0,0,0,1.590909091,0.727272727,0.454545455,
MEL,"Sparrow, Tom",FWD,4.636363636,1.818181818,3.818181818,0.318181818,0.181818182,0,2.590909091,0.590909091,0.681818182,
MEL,"Petty, Harry",DEF,4.863636364,3.090909091,2.454545455,0,0,0,1.409090909,0.5,0.772727273,
MEL,"Brown, Ben",DEF,4.636363636,3.136363636,1.090909091,1.136363636,0.590909091,0.590909091,0.909090909,0.5,0.272727273,
MEL,"Bowey, Jake",DEF,2.772727273,1.045454545,2.636363636,0,0,0,0.227272727,0.045454545,0.318181818,
MEL,"Melksham, Jake",FWD,2.636363636,1.136363636,2.227272727,0.363636364,0.181818182,0,0.818181818,0.136363636,0.454545455,
MEL,"Tomlinson, Adam",MID,2.772727273,1.727272727,1.045454545,0,0,0,0.409090909,0.090909091,0.272727273,
MEL,"Weideman, Sam",FWD,0.863636364,0.727272727,0.954545455,0.136363636,0.181818182,0.045454545,0.409090909,0.136363636,0.045454545,
MEL,"Vandenberg, Aaron",MID,0.818181818,0.136363636,0.409090909,0,0,0,0.363636364,0,0.181818182,
NM,"Simpkin, Jy",MID,14.77272727,4.363636364,12.13636364,0.090909091,0.227272727,0,3.818181818,1.545454545,1.272727273,
NM,"Hall, Aaron",DEF,19.22727273,6.818181818,6.136363636,0.090909091,0.272727273,0,2.045454545,0.363636364,0.181818182,
NM,"Ziebell, Jack",DEF,19.36363636,7.045454545,4.727272727,0.090909091,0,0,1.818181818,0.772727273,0.636363636,
NM,"Davies-Uniacke, Luke",MID,10.40909091,4.409090909,9.590909091,0.272727273,0.545454545,0,2.909090909,0.5,1.227272727,
NM,"Cunnington, Ben",MID,9.227272727,2.818181818,9.045454545,0.409090909,0.363636364,0,3.363636364,1.363636364,1.409090909,
NM,"Thomas, Tarryn",FWD,10.59090909,4.363636364,6.772727273,1.090909091,0.772727273,0,3.272727273,1.318181818,0.863636364,
NM,"Stephenson, Jaidyn",FWD,11.31818182,4.954545455,5.409090909,0.772727273,0.863636364,0,2.181818182,0.727272727,0.454545455,
NM,"Atley, Shaun",MID,8.636363636,4.863636364,7,0.045454545,0.045454545,0,1.181818182,0.636363636,0.318181818,
NM,"Goldstein, Todd",RUC,7.272727273,3.636363636,7,0.545454545,0.181818182,29.77272727,1.909090909,1.590909091,1.136363636,
NM,"Turner, Kayne",FWD,6.090909091,3.136363636,5.727272727,0.090909091,0.181818182,0,2.681818182,1.590909091,0.681818182,
NM,"Walker, Josh",DEF,6.954545455,5.181818182,4.681818182,0.136363636,0.045454545,0.681818182,1,0.454545455,0.409090909,
NM,"Dumont, Trent",MID,7.636363636,3.409090909,3.727272727,0,0,0,1.181818182,0.227272727,0.272727273,
NM,"Taylor, Curtis",FWD,7,3.590909091,4.363636364,0.318181818,0.227272727,0,1.818181818,0.590909091,0.590909091,
NM,"Zurhaar, Cameron",FWD,7.409090909,3.409090909,3.272727273,1.409090909,1.045454545,0,2.636363636,0.863636364,1.227272727,
NM,"Mahony, Jack",FWD,5.272727273,2.409090909,4.727272727,0.409090909,0.181818182,0,2.772727273,0.636363636,0.590909091,
NM,"Powell, Tom",MID,4.863636364,2.136363636,5,0.181818182,0.090909091,0,2.181818182,0.318181818,0.318181818,
NM,"Scott, Bailey",FWD,5.045454545,2.363636364,4.818181818,0.363636364,0.227272727,0,1.454545455,0.227272727,0.318181818,
NM,"Larkey, Nick",FWD,5.590909091,3.818181818,3.954545455,1.909090909,0.681818182,1.363636364,1.227272727,1.454545455,0.545454545,
NM,"McKay, Ben",DEF,4.5,4.318181818,5.045454545,0,0,0,1.409090909,0.636363636,0.772727273,
NM,"McDonald, Luke",DEF,5.181818182,2.590909091,3.409090909,0,0.090909091,0,1.272727273,0.090909091,0.454545455,
NM,"Young, Lachie",DEF,4.909090909,2.636363636,2.727272727,0,0.090909091,0,1.045454545,0.590909091,0.727272727,
NM,"Phillips, Will",MID,3.227272727,1.409090909,3.681818182,0.136363636,0.181818182,0,1.5,0.318181818,0.227272727,
NM,"Tarrant, Robbie",DEF,4.727272727,3.045454545,1.863636364,0,0,0,0.454545455,0.318181818,0.636363636,
NM,"Anderson, Jed",MID,2.954545455,1,3.045454545,0.181818182,0.045454545,0,1.818181818,0.227272727,0.409090909,
NM,"Bonar, Aiden",DEF,3.272727273,1.636363636,1.590909091,0,0,0,0.727272727,0.181818182,0.363636364,
PORT,"Wines, Ollie",MID,16.45454545,4.545454545,18.86363636,0.454545455,0.681818182,0,4.772727273,1.5,0.863636364,
PORT,"Boak, Travis",MID,13.86363636,3.045454545,15.22727273,0.363636364,0.818181818,0,5,1.681818182,1.136363636,
PORT,"Amon, Karl",MID,16.81818182,6.409090909,8.909090909,0.5,0.772727273,0,4.454545455,0.727272727,1.045454545,
PORT,"Houston, Dan",DEF,14.22727273,5,7.636363636,0.318181818,0.272727273,0,2.545454545,0.454545455,0.681818182,
PORT,"Byrne-Jones, Darcy",DEF,13.68181818,4.727272727,8.136363636,0,0.090909091,0,3,1.181818182,0.545454545,
PORT,"Burton, Ryan",DEF,14.54545455,6.045454545,5.136363636,0,0.045454545,0,2.772727273,0.636363636,1.045454545,
PORT,"Drew, Willem",MID,8.045454545,2.363636364,11.22727273,0.181818182,0.181818182,0,7.454545455,0.954545455,1.363636364,
PORT,"Aliir, Aliir",DEF,12.18181818,7.090909091,4.545454545,0,0.045454545,0.227272727,1.681818182,1.136363636,0.909090909,
PORT,"Jonas, Tom",DEF,11.81818182,6.045454545,4.272727273,0,0,0,1.681818182,0.954545455,0.863636364,
PORT,"Rozee, Connor",FWD,8,3.227272727,7.227272727,0.954545455,0.590909091,0,2.727272727,1.136363636,0.636363636,
PORT,"Bergman, Miles",FWD,9.045454545,4.590909091,5.727272727,0.318181818,0.318181818,0,1.909090909,0.727272727,0.227272727,
PORT,"Gray, Robbie",FWD,7.136363636,3.045454545,7.318181818,0.909090909,0.363636364,0,2.181818182,0.727272727,0.636363636,
PORT,"Motlop, Steven",FWD,7.681818182,3.681818182,5.818181818,0.590909091,0.363636364,0,2.136363636,0.590909091,0.5,
PORT,"Dixon, Charlie",FWD,8.090909091,4.409090909,5.318181818,2.181818182,1.090909091,4.727272727,2.272727273,1.772727273,1.227272727,
PORT,"Lycett, Scott",RUC,6.363636364,2.545454545,7,0.272727273,0.272727273,23.63636364,3.5,1.227272727,1.727272727,
PORT,"Bonner, Riley",DEF,9.363636364,3.045454545,3.318181818,0.090909091,0.045454545,0,0.727272727,0.227272727,0.409090909,
PORT,"Ladhams, Peter",RUC,5.863636364,2.636363636,4.636363636,0.590909091,0.227272727,10.36363636,1.818181818,1.090909091,0.909090909,
PORT,"Butters, Zak",FWD,5.045454545,2.272727273,5.181818182,0.363636364,0.090909091,0,1.909090909,0.545454545,0.545454545,
PORT,"Powell-Pepper, Sam",FWD,5.227272727,1.772727273,4.727272727,0.454545455,0.363636364,0,2.772727273,0.590909091,0.818181818,
PORT,"Marshall, Todd",FWD,7.227272727,3.863636364,2.5,1.090909091,0.545454545,0.227272727,1.227272727,0.818181818,0.363636364,
PORT,"McKenzie, Trent",DEF,8.318181818,3.818181818,1.363636364,0.045454545,0,0,1.090909091,0.272727273,0.318181818,
PORT,"Georgiades, Mitch",FWD,6.090909091,4.227272727,3.454545455,1.454545455,0.772727273,0,1.681818182,0.636363636,1.409090909,
PORT,"Duursma, Xavier",FWD,5.045454545,2.363636364,4.363636364,0.136363636,0.136363636,0,1.318181818,0.590909091,0.409090909,
PORT,"Fantasia, Orazio",FWD,5.727272727,2.181818182,2.363636364,1.272727273,1.045454545,0,1.363636364,0.454545455,0.272727273,
PORT,"Clurey, Tom",DEF,4.681818182,2.772727273,1.681818182,0,0,0,0.545454545,0.227272727,0.363636364,
PORT,"Farrell, Kane",FWD,3.045454545,1.045454545,2.5,0.181818182,0.136363636,0,1.090909091,0.045454545,0.5,
PORT,"Lienert, Jarrod",FWD,2.818181818,0.954545455,1,0.045454545,0,0,0.363636364,0.136363636,0.136363636,
PORT,"Jones, Lachie",DEF,2,1,1.681818182,0.045454545,0,0,0.409090909,0.181818182,0.227272727,
PORT,"Frederick, Martin",DEF,1.5,0.772727273,1.909090909,0.045454545,0,0,0.454545455,0.227272727,0.227272727,
PORT,"Woodcock, Boyd",DEF,1.818181818,1.136363636,1.5,0.181818182,0.136363636,0,0.636363636,0.181818182,0.363636364,
RICH,"Short, Jayden",DEF,18.68181818,6.090909091,5.954545455,0.045454545,0.090909091,0,1.772727273,0.772727273,0.363636364,
RICH,"Baker, Liam",DEF,10.81818182,4,9.454545455,0.318181818,0.363636364,0,2.772727273,0.545454545,1.5,
RICH,"Graham, Jack",MID,10,2.545454545,9,0.5,0.318181818,0,5.545454545,0.954545455,1.227272727,
RICH,"Bolton, Shai",FWD,9.454545455,3.727272727,8.409090909,1.045454545,0.909090909,0,2.5,0.590909091,1.181818182,
RICH,"Martin, Dustin",FWD,9.090909091,2.090909091,7.318181818,0.863636364,0.318181818,0,1.636363636,0.409090909,0.545454545,
RICH,"Cotchin, Trent",MID,9.363636364,2.409090909,6.681818182,0.090909091,0,0,2.590909091,0.772727273,0.590909091,
RICH,"Edwards, Shane",MID,6.772727273,2.136363636,6.590909091,0.363636364,0.136363636,0,1.636363636,0.272727273,0.590909091,
RICH,"Grimes, Dylan",DEF,7.227272727,5.363636364,5.772727273,0,0,0,2.136363636,1.045454545,0.909090909,
RICH,"Pickett, Marlion",FWD,5.409090909,2.863636364,7.409090909,0.090909091,0.181818182,0.727272727,2.818181818,0.5,1.545454545,
RICH,"Lambert, Kane",FWD,6.227272727,2.454545455,5.954545455,0.272727273,0.181818182,0,1.818181818,0.363636364,0.590909091,
RICH,"Nankervis, Toby",RUC,5.181818182,2.227272727,6.954545455,0.045454545,0.227272727,16.36363636,2.590909091,1,1.272727273,
RICH,"McIntosh, Kamdyn",MID,8.272727273,3.136363636,3.681818182,0.045454545,0.181818182,0,1.863636364,0.590909091,0.863636364,
RICH,"Rioli, Daniel",FWD,5.454545455,2.454545455,5.772727273,0.409090909,0.272727273,0,2.090909091,0.909090909,0.5,
RICH,"Castagna, Jason",FWD,5.454545455,3.863636364,5.727272727,0.772727273,0.590909091,0,1.863636364,0.590909091,0.136363636,
RICH,"Riewoldt, Jack",FWD,8.5,4.863636364,2.409090909,2.318181818,1.318181818,0,1.727272727,0.545454545,1.090909091,
RICH,"Broad, Nathan",DEF,7.227272727,4.045454545,3.181818182,0,0,0,0.772727273,0.318181818,0.227272727,
RICH,"Aarts, Jake",FWD,5.545454545,2.409090909,4.545454545,0.818181818,0.545454545,0,2.409090909,0.909090909,1.227272727,
RICH,"Vlastuin, Nick",DEF,7.045454545,3.727272727,2.863636364,0,0.045454545,0,1.227272727,0.409090909,0.636363636,
RICH,"Prestia, Dion",MID,4.227272727,1.318181818,4.863636364,0.045454545,0.136363636,0,1.681818182,0.772727273,0.363636364,
RICH,"Lynch, Tom",FWD,5.909090909,3.954545455,3.136363636,1.590909091,1.5,1.090909091,1.272727273,0.772727273,1.090909091,
RICH,"Balta, Noah",DEF,5.863636364,2.954545455,2.454545455,0.090909091,0.045454545,0.636363636,0.818181818,0.318181818,0.454545455,
RICH,"Ross, Jack",MID,3.5,1.954545455,3.727272727,0.090909091,0,0,1,0.227272727,0.227272727,
RICH,"Mansell, Rhyan",DEF,4.136363636,1.590909091,2.409090909,0.045454545,0,0,1.318181818,0.590909091,0.636363636,
RICH,"Collier-Dawkins, Riley",MID,2.636363636,0.954545455,3.363636364,0.136363636,0,0,1.454545455,0.227272727,0.409090909,
RICH,"Stack, Sydney",MID,2.727272727,1.636363636,2.590909091,0.090909091,0.045454545,0,0.772727273,0.227272727,0.227272727,
RICH,"Caddy, Josh",MID,3.090909091,1.636363636,2.045454545,0.090909091,0.227272727,0,0.5,0.181818182,0.136363636,
RICH,"Chol, Mabior",RUC,2.681818182,1.409090909,1.863636364,0.318181818,0.181818182,5.590909091,1.136363636,0.363636364,0.363636364,
RICH,"Coleman-Jones, Callum",FWD,1.727272727,1.363636364,2.090909091,0.5,0.181818182,2.772727273,0.590909091,0.318181818,0.363636364,
RICH,"Parker, Matthew",FWD,2.136363636,0.818181818,1.454545455,0.136363636,0.136363636,0,1.318181818,0.045454545,0.272727273,
RICH,"Dow, Thomson",MID,1.318181818,0.727272727,1.681818182,0,0.090909091,0,0.227272727,0.045454545,0.090909091,
STK,"Steele, Jack",MID,14.13636364,4.681818182,15.04545455,0.590909091,0.363636364,0,8.409090909,1.954545455,1.454545455,
STK,"Crouch, Brad",MID,11.27272727,2.545454545,12.68181818,0.318181818,0.227272727,0,4.954545455,1.045454545,1.090909091,
STK,"Sinclair, Jack",MID,12.77272727,4.636363636,7.363636364,0.136363636,0.090909091,0,2.181818182,0.409090909,0.454545455,
STK,"Hill, Bradley",MID,12.68181818,3.909090909,7.045454545,0.136363636,0.045454545,0,2.272727273,0.272727273,0.954545455,
STK,"Ross, Sebastian",MID,10.22727273,4.136363636,8.863636364,0.227272727,0.363636364,0,2.772727273,0.545454545,0.545454545,
STK,"Billings, Jack",MID,9.909090909,5.136363636,6.5,0.636363636,0.636363636,0,1.590909091,0.636363636,0.454545455,
STK,"Wilkie, Callum",DEF,11.27272727,5.727272727,3.863636364,0,0.045454545,0,1.772727273,0.772727273,1.136363636,
STK,"Howard, Dougal",DEF,11.63636364,4.636363636,3.090909091,0,0.045454545,0.045454545,1.136363636,0.636363636,0.681818182,
STK,"Webster, Jimmy",DEF,9.318181818,4.227272727,5.318181818,0.045454545,0,0,1.318181818,0.545454545,0.409090909,
STK,"Membrey, Tim",FWD,10.31818182,6.863636364,3.863636364,1.545454545,1.181818182,0.545454545,1,0.818181818,0.454545455,
STK,"Jones, Zak",MID,7.409090909,2.227272727,6.409090909,0.181818182,0.090909091,0,2.590909091,0.772727273,0.590909091,
STK,"Dunstan, Luke",MID,7.681818182,2.318181818,6.090909091,0.045454545,0.181818182,0,2.681818182,0.818181818,0.863636364,
STK,"Higgins, Jack",FWD,7.318181818,3.590909091,5.954545455,1.227272727,0.727272727,0,1.909090909,0.909090909,0.545454545,
STK,"Clark, Hunter",DEF,7,2.409090909,4.318181818,0.090909091,0.045454545,0,1.818181818,0.363636364,0.727272727,
STK,"Butler, Dan",FWD,7.727272727,1.954545455,3.545454545,0.818181818,0.772727273,0,3.727272727,0.818181818,0.909090909,
STK,"Byrnes, Ryan",FWD,5.954545455,3.454545455,5.272727273,0.272727273,0.045454545,0,1.318181818,0.409090909,0.045454545,
STK,"Coffield, Nick",DEF,7.227272727,4.045454545,3.136363636,0.045454545,0.045454545,0,1.136363636,0.818181818,0.454545455,
STK,"Marshall, Rowan",RUC,6.227272727,2.863636364,3,0.409090909,0.227272727,10.95454545,1.772727273,0.818181818,0.590909091,
STK,"King, Max",FWD,5.727272727,4.090909091,3.045454545,1.727272727,1.363636364,0.5,0.727272727,0.818181818,0.636363636,
STK,"Battle, Josh",FWD,5.136363636,2.772727273,3.318181818,0.136363636,0.318181818,0.090909091,2.090909091,0.590909091,0.5,
STK,"McKenzie, Daniel",MID,4.772727273,2.545454545,3.409090909,0.227272727,0,0,0.909090909,0.272727273,0.545454545,
STK,"Highmore, Tom",DEF,4.409090909,3,3.409090909,0,0,0,1.409090909,0.454545455,0.590909091,
STK,"Bytel, Jack",MID,3.181818182,0.818181818,3.590909091,0.090909091,0.045454545,0,2.5,0.363636364,0.363636364,
STK,"Long, Ben",FWD,4.272727273,2.363636364,2.227272727,0.090909091,0.409090909,0,1.590909091,0.454545455,0.727272727,
STK,"Ryder, Paddy",RUC,3.727272727,1.681818182,1.636363636,0.227272727,0.045454545,16.45454545,1.363636364,0.409090909,0.772727273,
STK,"Kent, Dean",FWD,2.545454545,1.590909091,1.818181818,0.227272727,0.272727273,0,1,0.136363636,0.318181818,
STK,"Wood, Mason",FWD,2.318181818,1.363636364,1.863636364,0.318181818,0.090909091,0,1.090909091,0.136363636,0.318181818,
STK,"Gresham, Jade",FWD,1.909090909,0.545454545,0.954545455,0.045454545,0,0,0.272727273,0,0.227272727,
STK,"Geary, Jarryn",DEF,1,0.681818182,0.818181818,0.045454545,0.045454545,0,0.318181818,0,0.181818182,
STK,"Hannebery, Dan",MID,0.818181818,0.181818182,1,0,0,0,0.136363636,0.045454545,0.090909091,
SYD,"Parker, Luke",MID,13.54545455,3.954545455,15.59090909,0.681818182,0.363636364,0,4.818181818,1.772727273,1.590909091,
SYD,"Lloyd, Jake",DEF,18.36363636,5.636363636,9.545454545,0.045454545,0.045454545,0,1.818181818,0.636363636,0.818181818,
SYD,"Dawson, Jordan",DEF,16.09090909,5.727272727,7.227272727,0.409090909,0.318181818,0,3.090909091,1,1.045454545,
SYD,"Kennedy, Josh",MID,10,3.454545455,12.95454545,0.181818182,0.272727273,0,4.545454545,0.863636364,0.590909091,
SYD,"Mills, Callum",MID,11.63636364,4.863636364,10.86363636,0.272727273,0.045454545,0,4.318181818,1,0.5,
SYD,"Florent, Oliver",MID,12.40909091,4.227272727,7.409090909,0.409090909,0.272727273,0,2.272727273,0.818181818,0.863636364,
SYD,"McInerney, Justin",MID,10.40909091,5.136363636,6.818181818,0.318181818,0.090909091,0.045454545,1.045454545,0.954545455,0.863636364,
SYD,"Hewett, George",MID,7.272727273,3.363636364,9.818181818,0,0,0,3.227272727,0.545454545,0.681818182,
SYD,"Rampe, Dane",DEF,11.27272727,5.590909091,5.136363636,0,0.045454545,0,1.545454545,0.636363636,1.090909091,
SYD,"Hickey, Tom",RUC,8.772727273,2.727272727,7,0.454545455,0.318181818,23,2.045454545,1.136363636,1.727272727,
SYD,"Cunningham, Harry",DEF,10.40909091,4.909090909,5.136363636,0,0,0,2.5,0.590909091,0.636363636,
SYD,"Heeney, Isaac",FWD,10.09090909,5.409090909,5.045454545,1.636363636,0.954545455,0.045454545,1.863636364,1,0.727272727,
SYD,"Papley, Tom",FWD,10.45454545,4.045454545,3.772727273,1.954545455,1.227272727,0,1.545454545,0.954545455,1,
SYD,"McCartin, Tom",DEF,8.909090909,5.045454545,4.590909091,0,0,0,1.045454545,0.772727273,0.727272727,
SYD,"Gulden, Errol",FWD,8.863636364,3.727272727,3.954545455,0.636363636,0.5,0,2.363636364,1.090909091,0.636363636,
SYD,"Rowbottom, James",MID,6.909090909,1.590909091,5,0.272727273,0.136363636,0,4.772727273,0.545454545,0.636363636,
SYD,"Wicks, Sam",FWD,6.5,2.954545455,4.636363636,0.772727273,0.818181818,0,4.045454545,0.772727273,1.090909091,
SYD,"Warner, Chad",MID,6.136363636,1.409090909,3.681818182,0.363636364,0.227272727,0,2.181818182,0.272727273,0.772727273,
SYD,"Blakey, Nick",MID,6.272727273,2.954545455,3.409090909,0.136363636,0.272727273,0.545454545,1.272727273,0.318181818,0.272727273,
SYD,"Franklin, Lance",FWD,7.136363636,3.681818182,2.545454545,2.318181818,1.090909091,0,2.090909091,1.090909091,1.545454545,
SYD,"Hayward, Will",FWD,6.090909091,3.681818182,3.363636364,1.272727273,0.681818182,0,2.727272727,0.681818182,0.818181818,
SYD,"Fox, Robbie",MID,4.318181818,1.818181818,3.954545455,0,0,0.045454545,1.272727273,0.227272727,0.318181818,
SYD,"Campbell, Braeden",MID,3.227272727,1.181818182,1.863636364,0.045454545,0.090909091,0,0.5,0.181818182,0.136363636,
SYD,"Reid, Sam",FWD,2.818181818,2.045454545,2.136363636,0.272727273,0.272727273,3.545454545,1.272727273,0.636363636,0.272727273,
SYD,"McLean, Hayden",RUC,3.045454545,2.409090909,1.590909091,0.5,0.272727273,1.363636364,1.045454545,0.227272727,0.227272727,
SYD,"Melican, Lewis",DEF,2.409090909,1.363636364,1.045454545,0,0,0,0.227272727,0.227272727,0.136363636,
SYD,"Bell, James",FWD,1.727272727,1.090909091,1.681818182,0.090909091,0.090909091,0,1.136363636,0.318181818,0.227272727,
SYD,"McDonald, Logan",FWD,1.727272727,1,0.954545455,0.409090909,0.227272727,0,0.272727273,0.363636364,0.136363636,
SYD,"Stephens, Dylan",MID,1.363636364,0.909090909,1.318181818,0.045454545,0.045454545,0,0.363636364,0.045454545,0.363636364,
SYD,"Amartey, Joel",RUC,1.727272727,0.727272727,0.772727273,0.227272727,0.136363636,2.227272727,1.045454545,0.181818182,0.318181818,
SYD,"Sinclair, Callum",RUC,0.863636364,0.454545455,0.954545455,0.045454545,0,4.5,0.5,0.272727273,0.136363636,
WCE,"Sheed, Dom",MID,14.54545455,4.909090909,11.77272727,0.409090909,0.272727273,0,2.318181818,1.227272727,1.181818182,
WCE,"Gaff, Andrew",MID,15.59090909,6.363636364,10.63636364,0.136363636,0.045454545,0,1.590909091,0.727272727,0.727272727,
WCE,"Kelly, Tim",MID,11.13636364,2.818181818,9.5,0.272727273,0.363636364,0,2.909090909,0.590909091,0.772727273,
WCE,"Redden, Jack",MID,9.454545455,4.727272727,10.68181818,0.136363636,0.045454545,0,3.227272727,0.909090909,0.590909091,
WCE,"Naitanui, Nic",RUC,7,1.545454545,8.227272727,0.136363636,0.318181818,31.22727273,2.954545455,1.363636364,0.772727273,
WCE,"Hurn, Shannon",DEF,11.81818182,4.681818182,3.045454545,0,0,0,1.090909091,0.409090909,0.227272727,
WCE,"Cripps, Jamie",FWD,9.318181818,3.727272727,4.954545455,1.181818182,1.181818182,0,3.909090909,0.772727273,0.909090909,
WCE,"Rotham, Josh",DEF,10.54545455,7.318181818,3.318181818,0,0.045454545,0,0.818181818,0.590909091,0.772727273,
WCE,"Cole, Tom",DEF,9.227272727,4.772727273,4.454545455,0,0,0,2,0.636363636,1.090909091,
WCE,"Darling, Jack",FWD,8,5.590909091,4.136363636,1.909090909,0.863636364,0.727272727,2.409090909,1.318181818,1.136363636,
WCE,"Duggan, Liam",DEF,8.545454545,4.272727273,3.5,0,0,0,1.363636364,0.181818182,0.409090909,
WCE,"Yeo, Elliot",MID,6.818181818,1.227272727,5.181818182,0.136363636,0.318181818,0,2.863636364,0.909090909,0.909090909,
WCE,"McGovern, Jeremy",DEF,8.909090909,5.045454545,2.272727273,0,0,0.409090909,0.681818182,0.772727273,0.409090909,
WCE,"Nelson, Jackson",DEF,8,3.454545455,2.590909091,0,0.045454545,0,1.181818182,0.181818182,0.318181818,
WCE,"Barrass, Tom",DEF,7.636363636,5.318181818,2.409090909,0,0,0.045454545,0.454545455,0.636363636,0.272727273,
WCE,"Allen, Oscar",FWD,7,4.5,2.636363636,1.272727273,0.727272727,1.409090909,1.772727273,0.909090909,0.863636364,
WCE,"Witherden, Alex",DEF,7.545454545,2.681818182,1.545454545,0.045454545,0,0,0.818181818,0.181818182,0.545454545,
WCE,"Langdon, Zac",FWD,3.681818182,2.5,4.590909091,0.272727273,0.318181818,0,1.590909091,0.272727273,0.636363636,
WCE,"Kennedy, Josh",FWD,5.954545455,4.045454545,2.136363636,1.863636364,0.954545455,0.090909091,0.954545455,0.636363636,0.727272727,
WCE,"Petruccelle, Jack",FWD,4.909090909,2.681818182,3.136363636,0.727272727,0.363636364,0,1.227272727,0.227272727,0.590909091,
WCE,"Waterman, Jake",FWD,5.863636364,4.045454545,2,0.590909091,0.363636364,0,1.227272727,0.545454545,0.318181818,
WCE,"Shuey, Luke",MID,4.727272727,1.045454545,2.545454545,0,0.045454545,0,1.363636364,0.818181818,0.318181818,
WCE,"Ryan, Liam",FWD,5.272727273,2.5,1.272727273,1.090909091,0.454545455,0,0.954545455,0.5,0.409090909,
WCE,"Edwards, Harry",DEF,3.409090909,2.409090909,1.272727273,0,0,0,0.909090909,0.272727273,0.272727273,
WCE,"Jones, Jamaine",FWD,2.909090909,0.954545455,1.681818182,0.5,0.136363636,0,2.136363636,0.5,0.272727273,
WCE,"Edwards, Luke",MID,2.590909091,1.181818182,1.954545455,0,0.045454545,0,0.454545455,0.227272727,0.181818182,
WCE,"ONeill, Xavier",MID,2.136363636,0.727272727,1.681818182,0.045454545,0.045454545,0,0.681818182,0.181818182,0.090909091,
WCE,"Foley, Luke",DEF,2.409090909,1.045454545,0.954545455,0.045454545,0,0,0.318181818,0,0.136363636,
WCE,"West, Connor",MID,1.590909091,0.727272727,1.272727273,0.045454545,0.181818182,0,0.590909091,0.181818182,0.318181818,
WCE,"Williams, Bailey",RUC,1.045454545,0.681818182,0.545454545,0.136363636,0.136363636,2.272727273,0.363636364,0.045454545,0.318181818,
WCE,"Winder, Isiah",FWD,0.090909091,0.045454545,0.136363636,0.045454545,0,0,0.045454545,0.045454545,0,
WB,"Macrae, Jack",MID,19.77272727,4.636363636,20.22727273,0.272727273,0.181818182,0.045454545,5.818181818,2,1.181818182,
WB,"Bontempelli, Marcus",MID,18,4.727272727,13.59090909,1.409090909,0.863636364,0.363636364,5.772727273,1.863636364,1.681818182,
WB,"Daniel, Caleb",DEF,16.54545455,4.545454545,12.13636364,0.318181818,0.045454545,0,2.636363636,0.818181818,0.545454545,
WB,"Dale, Bailey",DEF,20.31818182,4.545454545,8,0.409090909,0,0,1.181818182,0.454545455,0.545454545,
WB,"Smith, Bailey",MID,16.09090909,4.409090909,11.77272727,0.772727273,0.590909091,0,3.954545455,0.954545455,0.863636364,
WB,"Liberatore, Tom",MID,12.95454545,2.954545455,14.22727273,0.636363636,0.545454545,0,6.136363636,1.590909091,1.181818182,
WB,"Hunter, Lachie",MID,14.81818182,5.681818182,10,0.454545455,0.318181818,0,2.727272727,1.545454545,0.409090909,
WB,"Duryea, Taylor",DEF,12.77272727,6,7.090909091,0.045454545,0,0,2.181818182,1,0.681818182,
WB,"Treloar, Adam",MID,8.454545455,2.272727273,9.5,0.590909091,0.409090909,0,3.318181818,0.5,0.727272727,
WB,"Williams, Bailey",DEF,11.22727273,4.727272727,6.181818182,0.045454545,0.090909091,0,2.409090909,0.454545455,0.545454545,
WB,"Dunkley, Josh",FWD,5.863636364,2.545454545,10,0.227272727,0.363636364,0,3.545454545,0.681818182,0.318181818,
WB,"English, Tim",RUC,7.454545455,4.681818182,5.727272727,0.863636364,0.681818182,15.5,2.863636364,1.272727273,1.090909091,
WB,"Naughton, Aaron",FWD,8.454545455,6.954545455,4.272727273,2.136363636,1.818181818,0.090909091,1.772727273,0.954545455,0.727272727,
WB,"Keath, Alex",DEF,7.318181818,5,5.318181818,0,0.045454545,0.590909091,1.954545455,0.909090909,0.818181818,
WB,"Johannisen, Jason",DEF,6.909090909,3.045454545,4.5,0.681818182,0.545454545,0,1.863636364,0.409090909,0.318181818,
WB,"Bruce, Josh",FWD,6.272727273,4.545454545,3.772727273,2.181818182,0.954545455,1.272727273,1.181818182,0.590909091,1.181818182,
WB,"Cordy, Zaine",DEF,5.727272727,3.045454545,2.590909091,0,0,0.227272727,1.727272727,0.818181818,0.545454545,
WB,"Scott, Anthony",MID,4,1.5,4.318181818,0.454545455,0.363636364,0,1.590909091,0.772727273,0.227272727,
WB,"Wood, Easton",DEF,5.045454545,3.181818182,2.954545455,0.090909091,0,0,1,0.409090909,0.545454545,
WB,"Hannan, Mitch",FWD,5.181818182,2.681818182,2.409090909,0.636363636,0.590909091,0.272727273,2.318181818,0.5,0.363636364,
WB,"Smith, Roarke",FWD,3.590909091,1.318181818,4,0.136363636,0.181818182,0,1.545454545,0.181818182,0.318181818,
WB,"Weightman, Cody",FWD,5.454545455,2.181818182,1.818181818,1.181818182,0.590909091,0,1.363636364,1.136363636,0.409090909,
WB,"Crozier, Hayden",FWD,5.045454545,2.681818182,2.181818182,0,0,0,0.636363636,0.272727273,0.181818182,
WB,"Lipinski, Patrick",MID,3.363636364,1.772727273,3.590909091,0.090909091,0.045454545,0,1,0.090909091,0.227272727,
WB,"McNeil, Lachlan",MID,2.727272727,0.954545455,2.318181818,0.318181818,0.363636364,0,1.090909091,0.318181818,0.318181818,
WB,"Garcia, Riley",MID,2.590909091,0.636363636,2.090909091,0.181818182,0.136363636,0,0.772727273,0.272727273,0.363636364,
WB,"Young, Lewis",RUC,2.136363636,1.090909091,2.363636364,0.045454545,0.045454545,3.227272727,0.636363636,0.409090909,0.318181818,
WB,"Vandermeer, Laitham",FWD,2.090909091,1.090909091,2.272727273,0.272727273,0.363636364,0,1.181818182,0.272727273,0.409090909,
WB,"Schache, Josh",FWD,3.045454545,1.863636364,1.227272727,0.227272727,0.181818182,0.227272727,0.5,0.227272727,0.272727273,
WB,"Martin, Stefan",RUC,1.318181818,0.5,2.909090909,0.045454545,0,7,0.772727273,0.409090909,0.909090909,
WB,"Richards, Ed",MID,1.954545455,0.727272727,1.136363636,0.045454545,0,0,0.409090909,0.181818182,0.227272727,
WB,"Wallis, Mitch",FWD,1.272727273,0.909090909,1.5,0.181818182,0.090909091,0,0.454545455,0.227272727,0.136363636,
WB,"Gardner, Ryan",DEF,1.681818182,0.909090909,0.818181818,0,0,0,0.227272727,0.227272727,0.409090909,
WB,"Sweet, Jordon",RUC,0.954545455,0.545454545,1,0.045454545,0.090909091,4.5,0.863636364,0.363636364,0.454545455,
WB,"McLean, Toby",FWD,0.772727273,0.409090909,1.136363636,0.090909091,0.090909091,0,0.590909091,0.136363636,0.045454545,
WB,"Ugle-Hagan, Jamarra",FWD,1.136363636,0.636363636,0.454545455,0.318181818,0.090909091,0,0.363636364,0.136363636,0.090909091,
,,,,,,,,,,,,
,,,,,,,,,,,,
