Team,Playerÿÿ,Pos. ,GMÿÿ,KIÿÿ,MKÿÿ,HBÿÿ,GLÿÿ,BHÿÿ,HOÿÿ,TKÿÿ,RBÿÿ,IFÿÿ,CLÿÿ,CGÿÿ,FFÿÿ,FAÿÿ,CPÿÿ,UPÿÿ,CMÿÿ,MIÿÿ,1%ÿÿ,BOÿÿ,GAÿÿ,Disp. Ave.,AFLF
ADE,"Laird, Rory",,22,314,82,390,3,8,,130,47,81,150,98,38,33,326,383,2,3,16,4,15,32,111.5
ADE,"Keays, Ben",,22,350,82,269,12,8,,133,44,119,122,103,26,33,241,344,2,7,29,4,11,28.13636364,107.8636364
ADE,"Seedsman, Paul",,22,347,118,227,12,13,,51,61,125,44,74,18,18,135,436,2,2,15,31,14,26.09090909,95.54545455
ADE,"Smith, Brodie",,21,332,107,101,2,4,,38,138,74,22,52,9,8,92,276,6,2,46,5,4,20.61904762,79.61904762
ADE,"Schoenberg, Harry",,22,230,62,175,10,9,,79,26,78,67,79,16,32,163,247,1,8,19,4,9,18.40909091,69.59090909
ADE,"Sloane, Rory",,18,198,67,204,3,2,,87,28,67,96,52,24,17,216,177,5,2,50,2,9,22.33333333,85.77777778
ADE,"Doedee, Tom",,21,203,100,145,1,1,,47,91,20,6,55,19,22,142,182,30,1,142,4,1,16.57142857,64.14285714
ADE,"Sholl, Lachlan",,19,208,78,126,3,7,,21,38,49,23,34,7,5,83,247,3,3,8,5,6,17.57894737,63.73684211
ADE,"Kelly, Jake",,20,214,102,95,,,,42,64,20,4,44,21,17,92,199,11,,74,,,15.45,63.8
ADE,"OBrien, Reilly",,20,138,71,156,2,,585,55,26,38,77,53,25,20,191,101,38,3,74,,4,14.7,86.05
ADE,"McHenry, Ned",,21,120,54,138,11,7,,65,5,27,13,67,21,37,107,168,5,13,23,2,9,12.28571429,49.57142857
ADE,"McPherson, Andrew",,18,156,54,88,,,,29,55,20,6,38,8,7,56,151,4,,28,1,5,13.55555556,50.5
ADE,"Rowe, James",,19,123,41,118,15,11,,35,4,34,9,33,18,9,91,155,2,8,7,1,7,12.68421053,50.52631579
ADE,"Mackay, David",,18,147,42,93,6,6,,40,24,36,16,29,16,7,75,160,2,5,14,8,6,13.33333333,52.77777778
ADE,"Butts, Jordon",,22,151,84,80,,,,30,67,13,,44,23,17,82,150,12,,132,,,10.5,43.5
ADE,"Walker, Taylor",,17,155,90,72,48,29,40,23,1,40,18,47,20,21,135,97,33,44,23,,12,13.35294118,75.58823529
ADE,"Lynch, Tom",,12,129,64,86,8,9,,15,6,28,11,24,13,8,63,150,5,9,12,,10,17.91666667,71.41666667
ADE,"Jones, Chayce",,15,128,43,58,1,3,,19,41,18,2,38,6,15,53,115,5,,30,2,1,12.4,45
ADE,"Murphy, Lachlan",,15,100,25,76,9,15,,34,3,31,21,27,22,9,91,87,,5,13,1,5,11.73333333,48.46666667
ADE,"Hamill, Will",,17,94,27,79,,,,35,24,14,7,28,18,8,78,96,4,,22,,1,10.17647059,38.52941176
ADE,"Berry, Sam",,17,60,27,94,5,9,,69,3,28,17,31,12,17,89,76,4,3,19,,6,9.058823529,42.64705882
ADE,"Thilthorpe, Riley",,14,94,44,58,18,10,25,19,2,14,8,32,10,14,88,69,16,17,32,,4,10.85714286,51.21428571
ADE,"Brown, Luke",,11,99,39,43,,,,26,47,12,3,16,8,2,39,86,1,1,28,,1,12.90909091,55.09090909
ADE,"Fogarty, Darcy",,17,95,53,42,24,12,1,21,,34,5,28,19,16,73,71,15,28,19,,6,8.058823529,43.52941176
ADE,"McAdam, Shane",,15,79,56,48,25,11,,34,1,16,4,38,14,21,61,68,13,28,13,1,6,8.466666667,49.93333333
ADE,"Frampton, Billy",,10,64,50,33,2,11,24,8,17,7,2,21,4,7,38,59,15,12,25,,1,9.7,47
ADE,"Murray, Nick",,13,70,29,20,1,1,1,18,29,9,1,20,13,10,42,46,6,2,82,,,6.923076923,30.76923077
ADE,"Himmelberg, Elliott",,8,42,25,29,8,6,14,8,1,15,1,18,10,7,52,27,14,9,17,,2,8.875,43.5
ADE,"Cook, Brayden",,3,22,6,20,,,,3,2,5,2,4,,1,13,29,,,,1,,14,44.33333333
ADE,"Davis, Ben",,4,20,10,15,,,,3,2,3,,2,3,1,13,22,1,,3,1,,8.75,33
ADE,"Hately, Jackson",,3,18,7,17,,2,,12,2,4,2,8,1,1,10,25,,2,,,1,11.66666667,52.33333333
ADE,"Strachan, Kieran",,2,13,7,16,,2,59,3,1,5,5,9,,6,14,18,2,1,6,,,14.5,73.5
ADE,"Pedlar, Luke",,2,14,4,5,,,,1,1,5,3,6,1,1,5,14,,,1,,,9.5,33
ADE,"OConnor, Ronin",,3,3,2,14,,,,8,,2,2,4,,2,6,12,,,,,,5.666666667,23
ADE,"Gollant, Lachlan",,1,7,3,4,1,1,,1,,3,,3,1,,6,5,1,2,,,,11,50
ADE,"Hinge, Mitch",,1,6,3,1,,,,,2,1,,1,1,,2,5,1,,1,,,7,30
ADE,"Worrell, Josh",,1,2,,1,,,,2,1,,,1,,,1,2,,,2,,,3,16
,,,,4545,1758,3236,230,197,749,1244,904,1095,769,1261,465,449,3064,4555,261,220,1025,77,156,#DIV/0!,
,,,,,,,,,,,,,,,,,,,,,,,,#DIV/0!,
,,,,,,,,,,,,,,,,,,,,,,,,#DIV/0!,
,Playerÿÿ,,GMÿÿ,KIÿÿ,MKÿÿ,HBÿÿ,GLÿÿ,BHÿÿ,HOÿÿ,TKÿÿ,RBÿÿ,IFÿÿ,CLÿÿ,CGÿÿ,FFÿÿ,FAÿÿ,CPÿÿ,UPÿÿ,CMÿÿ,MIÿÿ,1%ÿÿ,BOÿÿ,GAÿÿ,#VALUE!,
BRIS,"Lyons, Jarryd",,24,395,119,279,10,7,,154,32,110,149,79,38,11,327,334,8,13,25,1,18,28.08333333,116.1666667
BRIS,"Rich, Daniel",,24,514,137,110,3,10,,42,191,69,24,65,12,11,130,360,8,,55,,4,26,97.83333333
BRIS,"McCluggage, Hugh",,24,407,123,193,15,22,,89,55,107,82,90,23,23,213,385,3,21,13,7,31,25,99.91666667
BRIS,"Zorko, Dayne",,23,386,122,169,17,18,,140,42,148,104,109,31,40,220,313,1,11,40,3,23,24.13043478,106.6521739
BRIS,"Neale, Lachie",,17,220,66,239,8,6,,70,28,71,107,58,35,17,215,240,,3,6,5,8,27,97.29411765
BRIS,"Bailey, Zac",,24,273,77,167,31,18,,68,25,103,66,98,20,45,183,261,3,13,37,1,17,18.33333333,72.70833333
BRIS,"Robinson, Mitch",,22,297,98,133,7,7,,64,62,90,49,81,27,23,140,279,3,4,32,3,9,19.54545455,77.90909091
BRIS,"Birchall, Grant",,23,307,159,118,2,,,23,87,45,13,48,3,9,75,310,3,,39,2,3,18.47826087,74.52173913
BRIS,"Andrews, Harris",,23,219,181,132,1,1,,29,75,14,2,46,16,25,156,202,46,1,220,1,1,15.26086957,66.43478261
BRIS,"Daniher, Joe",,24,259,117,83,46,32,49,25,8,82,22,70,30,33,141,199,26,43,28,13,11,14.25,70.08333333
BRIS,"McCarthy, Lincoln",,24,183,77,123,36,15,,80,6,61,26,61,27,28,161,149,13,29,35,3,22,12.75,63.33333333
BRIS,"McInerney, Oscar",,23,156,53,145,6,5,672,51,49,59,127,79,39,29,234,84,25,8,92,,3,13.08695652,77.65217391
BRIS,"Starcevich, Brandon",,24,216,90,82,,,,41,68,35,11,56,15,26,102,191,10,,58,3,3,12.41666667,49.29166667
BRIS,"Cameron, Charlie",,24,199,95,62,55,33,,53,5,42,14,48,18,19,106,156,9,54,22,13,15,10.875,64.25
BRIS,"Adams, Marcus",,17,166,92,71,,,,30,60,20,2,47,13,14,107,124,26,,114,,1,13.94117647,59.23529412
BRIS,"Robertson, Deven",,16,110,53,100,4,2,,67,9,27,18,35,10,9,94,121,4,6,23,,5,13.125,60.375
BRIS,"Ah Chee, Callum",,21,103,35,96,7,,,58,11,34,12,39,5,18,98,103,5,5,30,1,8,9.476190476,39.57142857
BRIS,"Lester, Ryan",,17,112,72,86,1,,,32,32,14,1,25,10,12,70,132,9,1,72,,,11.64705882,48.94117647
BRIS,"McStay, Daniel",,19,120,88,71,28,10,8,58,,40,7,23,19,9,94,105,38,31,34,1,11,10.05263158,61.89473684
BRIS,"Hipwood, Eric",,16,118,79,51,26,20,,20,,33,1,42,12,17,66,106,18,33,35,,5,10.5625,56.875
BRIS,"Mathieson, Rhys",,15,84,36,85,2,2,,39,13,27,36,35,8,15,72,96,2,3,2,1,2,11.26666667,44.2
BRIS,"Coleman, Keidean",,18,89,44,73,6,5,,32,11,25,9,25,16,11,78,90,8,5,22,,6,9,38.72222222
BRIS,"Prior, Jaxon",,18,116,45,44,6,4,,24,20,34,16,21,11,5,53,109,3,2,19,,3,8.888888889,39.05555556
BRIS,"Berry, Jarrod",,11,75,24,63,5,2,,34,8,23,17,34,14,15,46,92,,3,8,,4,12.54545455,50.90909091
BRIS,"Fullarton, Tom",,12,52,22,73,3,1,42,21,5,12,17,17,5,5,59,64,5,4,19,,6,10.41666667,41.91666667
BRIS,"Payne, Jack",,10,73,49,46,,,,16,17,5,,15,2,5,40,76,8,,48,,1,11.9,50.9
BRIS,"Gardiner, Darcy",,9,61,34,38,,,,4,17,2,,21,6,11,43,56,8,,27,,1,11,38.88888889
BRIS,"Madden, James",,9,49,25,50,1,,,16,16,11,11,10,8,2,53,47,3,,22,,,11,43.77777778
BRIS,"Cockatoo, Nakia",,7,18,5,24,5,1,,22,,3,2,6,4,4,22,23,1,1,13,,4,6,32.57142857
BRIS,"Berry, Tom",,11,14,6,23,2,1,,20,,8,1,13,2,5,18,19,,2,5,,2,3.363636364,16.90909091
BRIS,"Sharp, Harry",,2,12,3,3,,,,4,3,3,,7,1,2,7,9,,,4,,1,7.5,31
BRIS,"Ballenden, Connor",,1,3,2,1,,,1,,1,,,2,1,2,2,3,,,1,,,4,13
,,,,5406,2228,3033,333,222,772,1426,956,1357,946,1405,481,500,3425,4838,296,296,1200,58,228,#DIV/0!,
,,,,,,,,,,,,,,,,,,,,,,,,#DIV/0!,
,,,,,,,,,,,,,,,,,,,,,,,,#DIV/0!,
,Playerÿÿ,,GMÿÿ,KIÿÿ,MKÿÿ,HBÿÿ,GLÿÿ,BHÿÿ,HOÿÿ,TKÿÿ,RBÿÿ,IFÿÿ,CLÿÿ,CGÿÿ,FFÿÿ,FAÿÿ,CPÿÿ,UPÿÿ,CMÿÿ,MIÿÿ,1%ÿÿ,BOÿÿ,GAÿÿ,#VALUE!,
CARL,"Walsh, Sam",,22,298,127,358,12,6,,100,28,85,103,80,24,32,252,408,7,7,17,9,15,29.81818182,108.9545455
CARL,"Curnow, Ed",,22,318,106,178,10,3,,80,29,95,68,69,13,23,168,317,2,6,21,3,16,22.54545455,88.86363636
CARL,"Cripps, Patrick",,20,163,63,305,13,11,3,85,11,63,107,98,47,44,246,230,12,3,31,6,11,23.4,81.75
CARL,"Saad, Adam",,22,311,72,113,2,6,,39,96,75,16,49,15,10,117,251,5,1,63,63,9,19.27272727,69.72727273
CARL,"Weitering, Jacob",,22,301,167,60,,1,2,29,139,16,5,53,18,14,139,192,37,,201,5,1,16.40909091,73.59090909
CARL,"Docherty, Sam",,14,252,107,88,,,,31,77,30,20,37,16,4,84,232,7,,29,7,3,24.28571429,98.64285714
CARL,"Newnes, Jack",,19,188,93,124,4,9,,34,28,41,26,42,20,12,98,212,3,7,27,10,2,16.42105263,65.47368421
CARL,"Newman, Nic",,14,199,86,76,,1,,54,63,15,6,34,18,11,79,149,5,,30,9,4,19.64285714,86.35714286
CARL,"Williams, Zac",,14,201,55,63,5,4,,26,48,47,28,35,11,14,91,155,3,4,19,13,6,18.85714286,71.5
CARL,"Fogarty, Lachie",,17,139,57,107,6,6,,62,11,43,24,36,16,11,97,147,2,11,14,,6,14.47058824,63.23529412
CARL,"Dow, Paddy",,17,95,28,147,4,2,,39,14,39,48,43,9,13,109,133,,4,5,7,9,14.23529412,47.94117647
CARL,"Kennedy, Matthew",,13,138,60,101,6,2,,54,13,45,43,37,11,10,93,145,6,1,9,3,1,18.38461538,79.30769231
CARL,"Stocker, Liam",,17,163,58,75,2,1,,37,60,26,8,49,15,10,76,140,2,,40,1,2,14,56.41176471
CARL,"Jones, Liam",,19,178,105,41,,1,,19,56,28,6,49,24,16,110,109,32,,157,,2,11.52631579,51.78947368
CARL,"Plowman, Lachie",,19,160,85,59,1,,,20,39,9,2,37,14,13,64,138,8,,89,2,,11.52631579,48.10526316
CARL,"Silvagni, Jack",,15,130,70,70,9,13,17,38,5,47,12,32,14,12,63,135,7,12,17,4,9,13.33333333,63.6
CARL,"Petrevski-Seton, Sam",,14,134,56,64,1,3,,26,24,14,10,29,7,7,61,132,5,4,18,2,2,14.14285714,56.92857143
CARL,"Murphy, Marc",,15,115,47,76,8,4,,24,8,32,18,21,8,4,57,136,,5,6,1,6,12.73333333,52.13333333
CARL,"McKay, Harry",,19,154,113,31,58,33,6,27,1,26,1,44,27,18,105,87,50,69,26,,6,9.736842105,70.05263158
CARL,"Betts, Eddie",,19,121,42,59,27,16,,31,5,25,10,37,8,14,87,92,6,17,22,3,13,9.473684211,46.05263158
CARL,"Cottrell, Matthew",,14,118,37,47,3,2,,31,25,28,8,41,5,9,51,112,2,3,28,3,2,11.78571429,48.64285714
CARL,"Fisher, Zac",,10,85,23,74,4,8,,24,6,28,17,23,5,9,60,106,3,7,9,8,9,15.9,57.8
CARL,"Gibbons, Michael",,11,98,39,58,8,5,,27,8,32,21,24,6,6,58,101,1,7,16,3,6,14.18181818,61.45454545
CARL,"Pittonet, Marc",,13,67,26,80,5,5,379,28,15,25,52,41,17,24,98,57,4,6,43,,3,11.30769231,70
CARL,"Martin, Jack",,11,94,61,46,8,6,,26,6,26,9,21,9,11,48,93,8,15,12,,10,12.72727273,62.81818182
CARL,"Setterfield, Will",,8,74,35,50,1,6,,17,7,23,22,20,6,10,55,72,1,2,8,1,2,15.5,60.375
CARL,"Williamson, Tom",,11,83,43,41,2,3,,16,21,19,5,21,2,8,30,95,1,3,20,1,2,11.27272727,47
CARL,"De Koning, Tom",,13,81,40,42,7,4,219,27,8,15,30,29,16,15,62,68,13,12,15,,1,9.461538462,60.84615385
CARL,"Owies, Matthew",,13,69,43,46,15,17,,38,5,15,4,16,10,7,47,71,3,20,10,1,3,8.846153846,52
CARL,"Casboult, Levi",,13,77,47,34,8,5,79,25,1,15,10,41,11,17,62,54,17,14,26,,3,8.538461538,48.61538462
CARL,"OBrien, Lochie",,5,49,20,31,1,3,,9,8,17,3,9,4,1,23,57,,,5,3,4,16,63
CARL,"McGovern, Mitch",,5,42,24,14,6,4,,13,3,16,,6,7,,17,39,5,7,3,,1,11.2,65
CARL,"Cuningham, David",,4,26,9,28,3,2,,6,2,14,7,11,2,3,25,32,1,,4,3,5,13.5,49.5
CARL,"Curnow, Charlie",,4,35,16,14,2,5,,6,1,12,,17,1,7,17,34,2,4,3,,3,12.25,50.5
CARL,"Parks, Luke",,6,30,12,15,,,,12,9,7,,12,5,5,17,27,2,,20,,,7.5,32.33333333
CARL,"Honey, Josh",,5,24,13,12,6,3,,6,3,8,,8,2,1,12,22,2,6,5,,4,7.2,39.4
CARL,"Kemp, Brodie",,2,14,8,5,,,,3,4,2,,6,,1,1,18,,,14,1,,9.5,42.5
CARL,"McDonald, Oscar",,3,8,3,1,2,1,,2,,2,,2,3,1,4,5,,1,2,,,3,18.66666667
CARL,"Durdin, Corey",,2,4,2,4,1,,,4,,1,,1,1,,5,4,,,1,,2,4,24.5
,,,,4836,2098,2837,250,201,705,1175,887,1106,749,1260,447,427,2888,4607,264,258,1085,172,183,#DIV/0!,
,,,,,,,,,,,,,,,,,,,,,,,,#DIV/0!,
,,,,,,,,,,,,,,,,,,,,,,,,#DIV/0!,
,Playerÿÿ,,GMÿÿ,KIÿÿ,MKÿÿ,HBÿÿ,GLÿÿ,BHÿÿ,HOÿÿ,TKÿÿ,RBÿÿ,IFÿÿ,CLÿÿ,CGÿÿ,FFÿÿ,FAÿÿ,CPÿÿ,UPÿÿ,CMÿÿ,MIÿÿ,1%ÿÿ,BOÿÿ,GAÿÿ,#VALUE!,
COLL,"Crisp, Jack",,22,341,148,253,2,5,,80,84,91,61,92,16,29,201,401,16,1,63,9,13,27,101.7727273
COLL,"Sidebottom, Steele",,21,272,114,228,8,5,,62,28,62,68,81,14,24,166,335,,6,30,10,10,23.80952381,88.42857143
COLL,"Maynard, Brayden",,22,335,121,126,1,,,57,106,41,10,65,16,26,112,300,13,,99,3,2,20.95454545,81.45454545
COLL,"de Goey, Jordan",,20,251,108,169,23,23,,39,24,70,61,61,12,18,140,288,9,31,20,,13,21,84.5
COLL,"Pendlebury, Scott",,18,197,67,220,4,4,,69,24,58,79,59,13,10,180,237,3,2,21,6,20,23.16666667,84.38888889
COLL,"Noble, John",,22,260,114,149,2,,,57,64,37,12,53,23,14,96,312,2,1,12,4,4,18.59090909,74.59090909
COLL,"Mayne, Chris",,17,225,128,179,,,,44,45,12,8,32,12,9,83,293,6,,47,3,1,23.76470588,92.82352941
COLL,"Adams, Taylor",,14,195,46,187,2,2,,78,15,63,100,81,30,16,190,191,3,1,22,4,3,27.28571429,100.3571429
COLL,"Grundy, Brodie",,20,185,72,197,12,6,647,84,28,49,80,92,31,43,218,174,20,9,42,3,5,19.1,106.4
COLL,"Quaynor, Isaac",,20,221,95,140,1,2,,45,79,31,10,52,18,13,116,245,12,,68,3,2,18.05,69.75
COLL,"Daicos, Josh",,17,173,48,149,9,9,,53,25,39,43,47,19,14,103,221,1,1,4,6,3,18.94117647,71.35294118
COLL,"Hoskin-Elliott, Will",,20,213,124,101,13,2,,45,20,57,16,47,6,14,87,230,10,15,30,7,14,15.7,71.85
COLL,"Madgen, Jack",,19,159,88,145,1,2,,19,50,13,8,38,10,6,96,204,8,1,63,1,1,16,58.26315789
COLL,"Roughead, Jordan",,21,190,137,87,,,9,35,69,14,4,36,12,14,90,180,19,,159,3,1,13.19047619,60.66666667
COLL,"Thomas, Josh",,20,148,66,118,12,9,,51,7,44,13,28,19,7,102,175,,10,13,,11,13.3,58.05
COLL,"Mihocek, Brody",,21,178,123,50,34,34,,35,1,57,3,53,16,19,92,127,29,46,19,,7,10.85714286,63.80952381
COLL,"Moore, Darcy",,13,153,107,68,4,1,,12,53,13,1,32,9,16,74,123,25,6,74,3,4,17,73.07692308
COLL,"Cameron, Darcy",,18,147,99,72,22,9,121,32,8,28,29,28,20,15,129,97,40,25,27,,5,12.16666667,69.27777778
COLL,"Elliott, Jamie",,13,127,61,73,25,8,,32,5,41,15,48,10,15,84,116,7,26,21,5,7,15.38461538,73.92307692
COLL,"Brown, Callum",,15,66,41,107,3,6,,44,5,19,13,21,8,5,56,114,2,3,2,7,5,11.53333333,48.53333333
COLL,"Poulter, Caleb",,11,107,55,58,2,5,,22,14,23,7,25,9,6,50,117,1,2,6,,2,15,63.45454545
COLL,"Bianco, Trent",,12,100,53,47,7,5,,21,11,18,7,28,5,4,36,114,2,7,5,1,3,12.25,56.41666667
COLL,"Murphy, Nathan",,15,88,50,56,1,3,,16,20,18,6,19,16,6,43,100,2,4,19,,,9.6,39.8
COLL,"Howe, Jeremy",,8,98,46,41,1,,,19,34,4,,17,6,5,32,86,6,,18,1,1,17.375,73.375
COLL,"Macrae, Finlay",,9,45,26,69,1,,,9,2,17,11,15,2,3,37,76,,2,,,2,12.66666667,42.88888889
COLL,"Ruscoe, Trey",,9,73,27,33,2,,,15,19,7,,17,3,7,29,73,2,2,10,2,2,11.77777778,46.66666667
COLL,"Brown, Tyler",,7,35,14,60,,,,11,6,12,15,12,1,4,39,57,2,,7,1,,13.57142857,42.85714286
COLL,"Henry, Oliver",,10,61,44,30,7,8,,9,2,13,,26,4,1,24,66,7,16,6,,7,9.1,46.2
COLL,"Sier, Brayden",,7,32,16,54,1,,,19,2,11,16,4,3,,45,41,1,1,3,,1,12.28571429,48.14285714
COLL,"McCreery, Beau",,13,52,24,30,11,6,,43,,21,2,28,3,13,27,57,1,7,13,2,2,6.307692308,38.15384615
COLL,"Cox, Mason",,7,41,26,25,8,8,23,7,3,10,4,15,11,5,38,23,10,8,14,,2,9.428571429,50.57142857
COLL,"Keane, Mark",,4,31,23,25,,1,,1,6,5,2,15,,7,18,38,4,1,9,,,14,49
COLL,"Wilson, Tom",,4,25,7,23,,,,7,8,2,3,12,1,5,13,36,1,1,3,,,12,39
COLL,"Ginnivan, Jack",,5,38,18,7,6,3,,4,1,13,2,11,6,3,14,34,1,5,4,,3,9,46.8
COLL,"Rantall, Jay",,5,10,10,19,,,,3,1,3,,6,1,2,7,21,,1,,,,5.8,21
COLL,"Greenwood, Levi",,2,16,3,9,,,,7,3,2,1,7,,4,4,19,,,,,,12.5,45.5
COLL,"Lynch, Max",,2,9,4,14,,,41,5,2,4,3,3,1,2,9,13,,,6,,2,11.5,61.5
COLL,"Kelly, Will",,2,6,4,5,,,,,2,1,,1,2,,4,8,,,3,,,5.5,21
COLL,"Tohill, Anton",,1,4,3,5,,,,,2,1,1,2,1,1,2,7,,,6,,,9,29
,,,,,,,,,,,,,,,,,,,,,,,,#DIV/0!,
,Playerÿÿ,,GMÿÿ,KIÿÿ,MKÿÿ,HBÿÿ,GLÿÿ,BHÿÿ,HOÿÿ,TKÿÿ,RBÿÿ,IFÿÿ,CLÿÿ,CGÿÿ,FFÿÿ,FAÿÿ,CPÿÿ,UPÿÿ,CMÿÿ,MIÿÿ,1%ÿÿ,BOÿÿ,GAÿÿ,#VALUE!,
ESSE,"Merrett, Zach",,23,361,97,364,4,7,,112,54,127,86,97,41,26,207,516,1,4,42,12,20,31.52173913,110.6086957
ESSE,"Parish, Darcy",,23,341,96,360,10,8,,90,30,137,175,81,13,10,309,405,1,7,27,2,21,30.47826087,106.173913
ESSE,"Hind, Nick",,22,365,114,127,4,2,,45,81,72,19,65,19,19,128,363,6,2,38,40,13,22.36363636,84.5
ESSE,"Heppell, Dyson",,19,276,132,194,2,1,,47,73,44,13,43,15,12,119,331,7,2,49,2,6,24.73684211,94.31578947
ESSE,"Ridley, Jordan",,22,340,131,124,,,,29,138,20,1,39,16,13,110,249,26,,131,7,,21.09090909,79.72727273
ESSE,"Redman, Mason",,22,245,101,142,6,2,,44,87,36,7,46,11,17,96,243,10,,41,21,3,17.59090909,68
ESSE,"Langford, Kyle",,17,202,98,152,13,3,2,57,18,54,34,55,11,18,112,244,9,13,22,4,7,20.82352941,86.58823529
ESSE,"Snelling, Will",,20,155,74,199,12,7,,99,24,47,31,47,21,9,110,245,1,16,25,1,9,17.7,77.7
ESSE,"McGrath, Andrew",,15,171,43,167,2,4,,66,24,39,58,41,17,11,137,204,,,27,2,6,22.53333333,82.66666667
ESSE,"Laverde, Jayden",,23,202,134,116,1,,,35,75,14,4,51,17,25,101,216,23,,87,1,,13.82608696,57.73913043
ESSE,"Stringer, Jake",,19,210,55,102,41,18,,76,7,90,84,64,30,23,162,153,8,27,24,7,13,16.42105263,80.42105263
ESSE,"Smith, Devon",,20,155,68,128,16,19,,78,5,52,21,53,11,23,98,189,4,19,22,12,13,14.15,64.7
ESSE,"Cox, Nik",,22,152,81,107,9,9,12,47,19,37,20,53,16,23,92,174,8,8,27,9,1,11.77272727,51.04545455
ESSE,"Wright, Peter",,21,146,90,100,29,14,208,37,18,27,22,51,31,23,130,126,33,34,82,2,7,11.71428571,67.33333333
ESSE,"Perkins, Archie",,21,116,58,122,9,14,,42,2,54,11,41,13,13,86,155,5,9,8,5,9,11.33333333,46.47619048
ESSE,"Guelfi, Matt",,20,124,74,112,6,4,,54,13,41,18,49,11,19,98,140,7,5,38,5,4,11.8,51.4
ESSE,"Ham, Brayden",,19,118,57,109,5,10,,30,6,44,6,35,5,9,59,168,5,4,14,1,7,11.94736842,46.36842105
ESSE,"Stewart, James",,17,136,89,77,,,,19,51,14,1,37,7,22,81,131,21,,50,2,2,12.52941176,49.76470588
ESSE,"Hooker, Cale",,18,106,65,100,33,24,10,27,,19,6,48,12,18,110,99,14,37,36,,8,11.44444444,56.16666667
ESSE,"McDonald-Tipungwuti, Anthony",,20,129,49,72,34,14,,56,2,35,12,41,16,18,86,116,3,19,23,18,20,10.05,54.1
ESSE,"Cutler, Tom",,13,113,51,65,1,4,,16,30,20,3,17,5,2,43,128,2,1,17,9,5,13.69230769,53.46153846
ESSE,"Francis, Aaron",,15,99,70,70,2,6,1,17,35,15,2,37,15,12,59,112,9,3,63,,5,11.26666667,47.53333333
ESSE,"Shiel, Dylan",,8,74,16,81,3,4,,24,4,19,36,19,3,8,52,93,1,1,11,3,1,19.375,66.125
ESSE,"Waterman, Alec",,14,82,43,60,17,8,,28,2,27,5,30,8,6,67,71,10,20,12,,4,10.14285714,50.5
ESSE,"Draper, Sam",,13,85,31,46,2,5,316,23,21,32,57,45,16,24,89,40,15,7,54,1,3,10.07692308,62.23076923
ESSE,"Jones, Harry",,16,77,57,40,20,6,4,21,,21,1,16,7,6,55,65,17,24,20,,7,7.3125,42.8125
ESSE,"Durham, Sam",,7,47,31,52,1,2,,9,11,13,10,10,4,1,34,68,1,2,9,1,4,14.14285714,54.71428571
ESSE,"Zaharakis, David",,9,51,21,30,2,2,,16,7,16,9,10,,4,27,56,,,,3,1,9,38
ESSE,"Phillips, Andrew",,6,32,24,30,4,1,123,23,5,11,16,10,8,8,31,37,6,5,25,,1,10.33333333,75.33333333
ESSE,"Clarke, Dylan",,4,25,17,36,2,,,9,2,14,9,10,4,5,21,44,1,4,3,,,15.25,58.75
ESSE,"Gleeson, Martin",,6,33,21,27,,,,11,6,4,1,4,2,2,11,51,,,16,,,10,42.66666667
ESSE,"Zerk-Thatcher, Brandon",,6,36,22,24,,,1,11,15,1,3,13,3,6,13,45,2,,21,,,10,42
ESSE,"Caldwell, Jye",,3,27,8,19,,1,,16,1,11,7,8,6,,22,25,1,1,3,,1,15.33333333,71.33333333
ESSE,"Cahill, Ned",,3,9,3,13,1,,,3,4,2,1,7,,2,11,14,,,6,,1,7.333333333,24.66666667
ESSE,"Bryan, Nick",,1,5,3,7,,,18,3,1,,4,2,1,1,5,7,,,2,,,12,66
ESSE,"Reid, Zach",,1,5,1,5,,,,5,2,,,3,3,,7,3,,,2,,,10,51
ESSE,"Ambrose, Patrick",,1,1,,4,,1,,2,,,,,1,,4,1,,,,,,5,21
,,,,4851,2125,3583,291,200,695,1327,873,1209,793,1278,419,438,2982,5327,257,274,1077,170,202,#DIV/0!,
,,,,,,,,,,,,,,,,,,,,,,,,#DIV/0!,
,,,,,,,,,,,,,,,,,,,,,,,,#DIV/0!,
,Playerÿÿ,,GMÿÿ,KIÿÿ,MKÿÿ,HBÿÿ,GLÿÿ,BHÿÿ,HOÿÿ,TKÿÿ,RBÿÿ,IFÿÿ,CLÿÿ,CGÿÿ,FFÿÿ,FAÿÿ,CPÿÿ,UPÿÿ,CMÿÿ,MIÿÿ,1%ÿÿ,BOÿÿ,GAÿÿ,#VALUE!,
,"Brayshaw, Andrew",,20,265,101,303,8,5,,93,48,80,73,64,25,23,180,395,,3,38,10,6,28.4,104.25
,"Mundy, David",,22,248,68,305,15,7,,87,27,97,117,71,18,21,244,328,3,2,41,1,11,25.13636364,89
,"Serong, Caleb",,22,279,64,224,8,10,,72,28,91,106,71,23,12,204,300,2,8,13,,9,22.86363636,82.27272727
,"Cerra, Adam",,18,250,93,165,5,10,,47,29,90,64,59,21,12,144,276,1,7,24,2,15,23.05555556,87.33333333
,"Aish, James",,22,236,92,178,1,8,,49,55,65,36,56,13,13,112,296,5,3,44,2,5,18.81818182,69.27272727
,"Ryan, Luke",,19,332,136,82,,,,34,151,16,5,45,14,19,87,236,11,,74,11,1,21.78947368,87.42105263
,"Fyfe, Nat",,15,154,58,207,6,21,,61,16,48,86,73,18,36,201,167,16,14,33,11,9,24.06666667,84.06666667
,"Darcy, Sean",,21,156,90,193,12,12,599,64,14,58,98,73,22,38,230,129,39,25,48,1,4,16.61904762,93.85714286
,"Acres, Blake",,18,184,67,138,2,,10,45,34,57,29,51,12,18,107,215,2,4,26,7,5,17.88888889,66.05555556
,"Wilson, Nathan",,18,233,74,71,,4,,18,104,31,10,35,12,13,76,178,3,1,57,11,3,16.88888889,61.77777778
,"Colyer, Travis",,22,195,75,83,15,19,,44,11,63,12,45,6,9,97,183,3,8,14,13,16,12.63636364,56.36363636
,"Tucker, Darcy",,16,152,64,120,,2,,29,23,29,13,41,10,12,63,217,1,,21,,4,17,61.25
,"Walters, Michael",,16,147,63,76,14,11,,33,8,32,19,35,21,14,81,146,5,12,14,5,9,13.9375,61.75
,"Schultz, Lachie",,20,148,80,72,22,17,,54,3,42,4,46,20,18,88,129,6,23,19,,8,11,57.95
,"Logue, Griffin",,16,113,76,71,,,,22,38,7,,31,13,12,71,114,14,,93,2,,11.5,48.375
,"Taberner, Matthew",,16,135,89,42,37,17,,10,1,29,1,45,16,17,74,106,24,44,14,,9,11.0625,62.5
,"Lobb, Rory",,13,108,73,60,20,19,54,15,8,26,14,40,13,5,81,89,26,28,33,,6,12.92307692,70.30769231
,"Crowden, Mitch",,16,70,34,97,5,7,,29,2,34,12,11,8,4,64,108,1,6,11,,10,10.4375,40.9375
,"Henry, Liam",,17,106,37,47,10,9,,18,7,31,10,34,13,10,74,86,7,11,13,10,6,9,38.05882353
,"Switkowski, Sam",,12,79,36,67,9,9,,32,4,31,12,18,7,4,69,81,5,8,20,4,5,12.16666667,55.41666667
,"Cox, Brennan",,12,87,56,55,,,1,11,33,7,1,21,4,12,56,90,16,,112,1,1,11.83333333,46
,"Hughes, Ethan",,8,75,29,64,,1,,12,18,11,7,26,6,5,48,100,,1,25,1,1,17.375,60
,"Conca, Reece",,10,68,35,67,,,,18,26,6,2,23,5,10,40,90,1,,22,2,,13.5,49
,"Young, Hayden",,8,85,45,42,,,,19,28,13,5,21,7,3,36,88,5,,19,3,1,15.875,68.5
,"Watson, Tobe",,11,73,51,51,1,,,12,19,7,2,17,5,4,29,94,2,1,33,,,11.27272727,47.36363636
,"Blakely, Connor",,13,50,30,66,1,2,,11,6,15,13,9,8,5,45,75,,4,6,,4,8.923076923,32.07692308
,"Treacy, Josh",,15,70,51,45,13,10,7,31,2,20,2,34,11,14,62,56,15,18,13,,1,7.666666667,42.73333333
,"Walker, Brandon",,10,72,36,32,,3,,17,11,18,1,19,1,4,27,79,3,2,22,8,2,10.4,44.8
,"Pearce, Alex",,10,56,27,40,,1,1,10,25,7,4,20,12,5,47,49,4,,56,,2,9.6,36.8
,"Duman, Taylin",,6,49,28,42,,,,12,14,9,,10,1,3,21,65,2,,27,,,15.16666667,59.16666667
,"Chapman, Heath",,6,50,27,35,1,,,10,16,5,,15,3,6,26,61,3,2,15,,,14.16666667,55.33333333
,"Meek, Lloyd",,9,21,12,58,1,2,129,14,1,5,21,31,7,14,61,27,6,2,23,,,8.777777778,41.44444444
,"Bewley, Brett",,6,43,16,32,2,,,12,6,5,3,13,5,3,21,52,,1,7,,,12.5,49.5
,"Frederick, Michael",,7,52,35,16,5,11,,7,1,19,4,6,5,1,26,44,3,6,3,2,3,9.714285714,52
,"Banfield, Bailey",,6,29,12,27,4,2,,14,6,7,7,12,3,6,27,32,,4,10,,3,9.333333333,40.66666667
,"Giro, Stefan",,4,31,13,12,1,,,3,7,5,2,5,2,1,9,34,,,2,,3,10.75,43.25
,"Western, Joel",,4,14,5,11,,,,6,1,4,,8,1,1,8,16,,1,2,2,1,6.25,25.25
,"Hamling, Joel",,1,3,,7,,,2,1,1,,,1,3,,6,4,,,7,,,10,32
,"Sturt, Sam",,1,3,2,2,1,1,,,,2,,1,,,3,2,1,1,,,,5,26
,,,,4521,1980,3305,219,220,803,1076,832,1122,795,1236,394,407,2945,4837,235,250,1054,109,163,#DIV/0!,
,,,,,,,,,,,,,,,,,,,,,,,,#DIV/0!,
,,,,,,,,,,,,,,,,,,,,,,,,#DIV/0!,
,Playerÿÿ,,GMÿÿ,KIÿÿ,MKÿÿ,HBÿÿ,GLÿÿ,BHÿÿ,HOÿÿ,TKÿÿ,RBÿÿ,IFÿÿ,CLÿÿ,CGÿÿ,FFÿÿ,FAÿÿ,CPÿÿ,UPÿÿ,CMÿÿ,MIÿÿ,1%ÿÿ,BOÿÿ,GAÿÿ,#VALUE!,
,"Guthrie, Cameron",,23,342,129,325,4,8,,92,35,84,115,55,19,16,224,433,3,4,25,6,12,29,105.826087
,"Selwood, Joel",,24,278,77,274,6,4,,113,24,89,127,82,54,28,259,310,3,5,40,3,21,23,86.45833333
,"Smith, Isaac",,24,383,166,167,15,9,,38,91,98,25,69,8,10,93,412,5,9,27,26,11,22.91666667,92.08333333
,"Menegola, Sam",,23,324,125,209,12,12,,52,51,84,58,74,11,24,185,348,5,12,38,1,14,23.17391304,86.7826087
,"Tuohy, Zach",,21,326,112,155,11,8,,26,95,55,27,52,9,17,114,304,3,5,18,21,7,22.9047619,83.80952381
,"Stewart, Tom",,20,378,178,102,,3,,21,122,35,6,45,16,13,115,298,24,,73,8,4,24,96.8
,"Parfitt, Brandan",,23,225,32,207,8,7,,128,16,72,74,74,35,29,180,254,,7,22,3,11,18.7826087,73.91304348
,"Atkins, Tom",,22,207,84,169,,1,,75,42,33,27,63,9,27,147,247,5,,34,1,4,17.09090909,65.45454545
,"Dangerfield, Patrick",,16,212,71,159,8,7,,53,20,85,97,78,28,22,208,169,18,12,32,6,15,23.1875,87.25
,"Bews, Jed",,25,219,116,125,3,2,,50,40,37,17,58,17,15,101,249,4,2,32,2,4,13.76,57.88
,"Hawkins, Tom",,25,215,129,127,62,37,92,50,2,37,25,76,14,35,172,182,36,83,39,,20,13.68,75.84
,"Henry, Jack",,24,217,150,119,7,2,10,43,52,31,6,26,17,8,127,206,30,5,131,2,4,14,64.91666667
,"Higgins, Shaun",,18,157,80,177,4,12,,49,12,50,34,39,11,13,89,251,,10,13,4,12,18.55555556,70.5
,"Blicavs, Mark",,24,164,94,166,5,,283,67,37,38,58,53,32,23,165,177,15,5,135,,2,13.75,68.75
,"Henderson, Lachie",,21,230,146,92,3,2,,26,86,29,5,46,20,19,95,196,16,5,103,2,3,15.33333333,66.61904762
,"Duncan, Mitch",,13,200,98,115,8,2,,33,38,43,34,31,16,5,72,228,,6,13,3,5,24.23076923,100.5384615
,"Close, Brad",,22,132,61,159,15,10,,72,7,44,18,29,25,8,116,184,5,14,25,1,10,13.22727273,58.45454545
,"Stanley, Rhys",,19,152,74,129,8,5,391,33,12,50,61,50,26,21,130,147,17,14,80,,3,14.78947368,77.63157895
,"Kolodjashnij, Jake",,22,165,120,104,1,,,27,37,26,1,37,7,15,76,203,17,1,100,3,1,12.22727273,51.77272727
,"Dahlhaus, Luke",,21,103,41,150,7,15,,79,4,32,16,44,18,19,104,153,3,10,25,1,12,12.04761905,50.76190476
,"Miers, Gryan",,15,130,58,102,12,7,,23,5,36,10,30,12,4,69,170,1,8,11,1,7,15.46666667,62.6
,"Narkle, Quinton",,16,86,37,129,4,4,,25,10,31,40,27,3,6,87,137,,6,6,,3,13.4375,46.25
,"Rohan, Gary",,21,147,75,67,32,18,,41,8,39,4,30,22,14,93,120,22,29,32,5,8,10.19047619,54.95238095
,"OConnor, Mark",,14,111,48,95,1,,,40,17,21,33,30,11,13,81,130,2,3,29,2,3,14.71428571,57.5
,"Cameron, Jeremy",,15,118,57,57,39,16,,16,,34,4,21,17,13,70,113,11,30,25,1,9,11.66666667,62.06666667
,"Guthrie, Zach",,13,120,51,40,,1,,32,16,21,2,25,7,4,48,112,4,,28,2,,12.30769231,55.15384615
,"Holmes, Max",,12,54,24,64,1,7,,32,6,21,17,14,3,4,57,65,1,1,10,,3,9.833333333,41.16666667
,"Ratugolea, Esava",,15,63,32,52,11,5,93,30,1,21,15,27,18,13,87,34,18,19,26,,7,7.666666667,43.46666667
,"Clark, Jordan",,11,61,26,52,3,2,,22,10,15,6,19,2,7,30,78,,3,12,6,2,10.27272727,41.27272727
,"Simpson, Sam",,4,28,13,25,2,2,,8,3,6,9,8,4,3,19,34,,2,5,,2,13.25,53.5
,"Constable, Charlie",,3,21,13,16,1,,,3,1,6,6,3,1,1,9,28,,,,,1,12.33333333,50
,"Kreuger, Nathan",,2,11,7,4,,,,8,3,,,2,2,2,5,12,,,11,,,7.5,45
,"De Koning, Sam",,1,7,3,1,,2,1,,,2,1,4,,2,3,5,1,1,2,,,8,29
,"Evans, Francis",,2,8,4,,2,1,,1,,2,,,,,1,6,,2,1,,,4,26.5
,"Jenkins, Josh",,1,5,2,3,,2,3,2,,3,1,4,1,2,5,4,1,2,,,1,8,35
,,,,5599,2533,3937,295,213,873,1410,903,1310,979,1325,495,455,3436,5999,270,315,1203,110,221,#DIV/0!,
,,,,,,,,,,,,,,,,,,,,,,,,#DIV/0!,
,,,,,,,,,,,,,,,,,,,,,,,,#DIV/0!,
,Playerÿÿ,,GMÿÿ,KIÿÿ,MKÿÿ,HBÿÿ,GLÿÿ,BHÿÿ,HOÿÿ,TKÿÿ,RBÿÿ,IFÿÿ,CLÿÿ,CGÿÿ,FFÿÿ,FAÿÿ,CPÿÿ,UPÿÿ,CMÿÿ,MIÿÿ,1%ÿÿ,BOÿÿ,GAÿÿ,#VALUE!,
,"Miller, Touk",,21,334,95,334,8,8,1,149,51,91,120,95,35,26,263,416,2,2,31,3,8,31.80952381,122.1428571
,"Swallow, David",,21,258,106,202,6,7,,99,40,57,56,67,16,24,181,288,9,6,33,2,5,21.9047619,89.47619048
,"Anderson, Noah",,20,264,83,189,,6,,60,41,58,83,67,11,19,177,290,1,2,26,17,4,22.65,80.95
,"Lukosius, Jack",,22,382,172,60,3,11,,32,128,88,7,72,13,20,81,300,12,8,44,10,9,20.09090909,86
,"Ellis, Brandon",,18,273,130,150,5,2,,47,47,48,31,57,11,17,111,317,2,3,26,15,7,23.5,93.83333333
,"Bowes, Jack",,19,307,97,97,1,2,,38,90,40,15,54,10,15,97,238,6,2,54,14,2,21.26315789,80.57894737
,"Powell, Wil",,22,259,115,132,1,1,,54,101,24,12,51,21,14,119,227,12,,88,6,2,17.77272727,72.18181818
,"Ballard, Charlie",,21,227,140,61,,,,25,50,13,4,46,20,16,99,188,20,,116,1,,13.71428571,61.66666667
,"Markov, Oleg",,17,193,107,90,1,4,,38,52,31,5,32,6,5,78,199,6,,38,58,3,16.64705882,72.52941176
,"Lemmens, Sean",,21,196,76,72,,,,44,63,27,6,61,12,31,85,175,13,,36,1,,12.76190476,50.23809524
,"Greenwood, Hugh",,15,153,25,110,6,6,8,130,20,41,94,33,16,7,181,78,6,5,24,,10,17.53333333,87.93333333
,"Ainsworth, Ben",,17,187,90,74,12,18,,35,9,50,11,49,14,14,80,182,4,17,9,1,14,15.35294118,69.47058824
,"Weller, Lachie",,13,137,71,104,7,3,,44,28,43,23,38,5,8,67,176,,5,10,17,5,18.53846154,79.53846154
,"Fiorini, Brayden",,10,133,52,101,2,2,,47,24,30,41,40,7,6,90,150,,1,21,,3,23.4,94.8
,"Collins, Sam",,19,152,119,78,,,,32,62,10,2,38,18,20,92,145,24,,168,2,,12.10526316,55.52631579
,"Sexton, Alex",,21,167,87,50,21,14,,23,5,60,4,38,14,7,64,152,2,11,13,11,7,10.33333333,51.76190476
,"Rankine, Izak",,18,120,51,92,16,11,,46,10,45,26,57,16,28,116,108,2,6,28,7,10,11.77777778,51.11111111
,"Holman, Nick",,16,111,67,94,10,5,,72,8,35,13,32,15,15,87,120,9,12,18,,8,12.8125,65.3125
,"Flanders, Sam",,16,96,46,93,4,5,,62,5,40,18,27,22,8,71,114,,5,7,,6,11.8125,55.4375
,"King, Ben",,22,126,90,54,47,25,4,17,1,31,2,33,18,11,90,96,24,48,27,,7,8.181818182,50.90909091
,"Burgess, Chris",,19,112,67,62,10,10,177,42,7,31,33,29,16,12,109,72,25,19,48,,4,9.157894737,55.57894737
,"Rowell, Matt",,12,66,22,103,2,,,49,7,19,44,28,24,13,97,74,,,13,,3,14.08333333,55.25
,"Sharp, Jeremy",,9,113,53,52,2,3,,7,24,22,9,19,6,4,36,129,3,3,8,5,,18.33333333,71
,"Macpherson, Darcy",,11,98,48,60,1,6,,43,5,24,13,29,9,10,61,92,4,3,14,2,2,14.36363636,65.54545455
,"Farrar, Jy",,10,90,56,55,,,,14,20,7,,20,1,5,36,111,3,,30,9,1,14.5,59
,"Corbett, Josh",,16,101,78,41,23,11,4,12,,27,,29,13,12,61,89,20,30,17,,4,8.875,49.8125
,"Atkins, Rory",,8,47,16,41,2,2,,9,5,19,9,10,,3,25,66,,,5,,4,11,39
,"Graham, Caleb",,12,52,42,33,,1,82,8,10,4,11,25,3,10,32,57,3,,71,,,7.083333333,36.33333333
,"Smith, Zac",,9,27,10,54,3,,191,23,3,8,29,26,14,15,65,25,2,2,36,,1,9,54.33333333
,"Brodie, Will",,5,25,7,39,,1,,8,1,6,12,13,3,3,31,33,1,,4,,,12.8,40.2
,"Harbrow, Jarrod",,4,50,27,10,,1,,7,8,3,,8,2,3,13,44,2,,4,2,,15,68.25
,"Day, Sam",,6,26,23,27,3,4,23,17,1,9,2,13,4,5,28,26,6,6,16,,1,8.833333333,50.5
,"Witts, Jarrod",,3,24,9,17,,1,87,8,3,5,12,7,6,1,24,13,4,1,7,,,13.66666667,85.33333333
,"Budarick, Connor",,2,19,11,9,,,,4,5,3,,4,1,3,8,20,,,3,,1,14,58
,"Jeffrey, Joel",,4,19,6,6,2,4,,4,,6,,11,1,2,11,13,1,5,5,,,6.25,28.5
,"Townsend, Jacob",,2,15,8,9,3,,3,5,1,6,2,13,2,6,12,12,2,,3,,2,12,56
,"Rosas, Malcolm",,4,14,5,5,,4,,6,1,7,2,5,1,2,8,12,,1,2,,,4.75,22.5
,"Davies, Alex",,1,5,2,11,,2,,6,,3,2,4,,2,14,3,1,1,1,,,16,63
,,,,4978,2309,2871,201,180,580,1366,936,1071,753,1280,406,422,2900,4850,231,204,1104,183,133,#DIV/0!,
,,,,,,,,,,,,,,,,,,,,,,,,#DIV/0!,
,,,,,,,,,,,,,,,,,,,,,,,,#DIV/0!,
,Playerÿÿ,,GMÿÿ,KIÿÿ,MKÿÿ,HBÿÿ,GLÿÿ,BHÿÿ,HOÿÿ,TKÿÿ,RBÿÿ,IFÿÿ,CLÿÿ,CGÿÿ,FFÿÿ,FAÿÿ,CPÿÿ,UPÿÿ,CMÿÿ,MIÿÿ,1%ÿÿ,BOÿÿ,GAÿÿ,#VALUE!,
,"Taranto, Tim",,24,372,118,265,13,13,,128,40,103,103,114,26,23,237,373,5,9,28,1,8,26.54166667,106.6666667
,"Hopper, Jacob",,23,311,72,296,10,7,,88,42,99,145,105,29,39,276,337,1,4,20,9,10,26.39130435,90.08695652
,"Kelly, Josh",,23,333,82,268,16,15,,128,51,108,92,69,23,17,222,391,1,5,41,10,5,26.13043478,103.3043478
,"Ward, Callan",,24,278,90,267,15,5,5,71,39,73,104,51,34,24,227,336,7,6,32,3,9,22.70833333,82.66666667
,"Cumming, Isaac",,24,372,131,153,1,4,,56,138,40,16,62,12,18,133,280,20,,67,9,2,21.875,83.625
,"Whitfield, Lachie",,17,283,107,142,3,1,,41,65,45,25,57,15,11,97,297,2,4,30,16,9,25,95.23529412
,"Perryman, Harry",,18,268,92,132,4,5,,39,88,40,26,47,12,6,122,256,10,4,36,,4,22.22222222,84.61111111
,"Ash, Lachie",,23,265,111,127,1,1,,63,64,46,18,45,6,10,92,270,3,,36,19,2,17.04347826,70.30434783
,"Haynes, Nick",,21,253,156,120,1,1,,17,75,27,6,54,14,13,98,275,15,1,90,9,1,17.76190476,72.23809524
,"Green, Tom",,18,139,55,221,7,6,1,53,16,41,76,53,19,15,179,189,3,7,19,4,4,20,69.94444444
,"Greene, Toby",,18,232,78,77,45,41,2,39,3,75,21,68,33,29,155,162,23,35,19,4,16,17.16666667,83.27777778
,"Himmelberg, Harry",,24,194,108,107,36,19,5,46,5,51,5,69,22,21,148,166,28,35,57,6,26,12.54166667,62.625
,"Idun, Connor",,23,173,124,114,,,,41,53,19,7,27,15,11,81,212,3,1,95,1,1,12.47826087,55
,"Taylor, Sam",,19,164,116,109,,,,39,70,10,4,37,22,8,134,149,26,,149,1,,14.36842105,63.78947368
,"Lloyd, Daniel",,16,140,68,63,20,8,,45,9,49,7,46,8,19,66,136,4,14,19,1,6,12.6875,63.0625
,"OHalloran, Xavier",,17,124,42,56,5,3,,22,17,38,14,31,10,8,62,116,1,3,23,,6,10.58823529,42.17647059
,"Daniels, Brent",,13,91,22,86,2,4,,35,6,40,20,32,12,4,74,100,1,3,17,8,12,13.61538462,51.30769231
,"Buckley, Jack",,15,112,68,57,,2,1,34,35,12,3,33,7,17,70,107,9,1,76,,1,11.26666667,49.93333333
,"de Boer, Matt",,11,66,34,94,2,2,,40,10,31,15,22,5,7,65,93,5,1,13,,8,14.54545455,58.72727273
,"Hill, Bobby",,17,113,33,41,14,12,,48,7,40,5,24,10,4,47,102,2,12,18,7,17,9.058823529,47.41176471
,"Flynn, Matt",,12,55,46,87,5,2,222,30,11,15,25,23,16,9,100,52,25,11,39,,2,11.83333333,70
,"Mumford, Shane",,14,44,19,98,4,,364,68,14,15,64,37,27,26,103,48,5,3,59,,5,10.14285714,71
,"Finlayson, Jeremy",,13,106,40,35,23,9,24,15,2,29,15,28,14,11,62,76,6,16,32,,8,10.84615385,55.38461538
,"Kennedy, Adam",,9,72,35,59,1,1,,20,15,18,12,12,5,5,45,89,4,2,16,1,1,14.55555556,57.33333333
,"Reid, Sam",,15,64,25,58,4,4,,35,18,14,3,33,7,15,51,64,3,3,24,,5,8.133333333,34.2
,"Hogan, Jesse",,9,74,57,41,20,9,,11,,15,,26,6,7,55,63,19,31,15,,7,12.77777778,70.33333333
,"Davis, Phil",,11,64,47,47,,,,16,20,5,,24,10,14,43,69,9,,46,1,1,10.09090909,41.72727273
,"Coniglio, Stephen",,7,61,14,42,1,4,,27,7,18,25,15,7,3,51,58,,3,11,,1,14.71428571,60.71428571
,"Bruhn, Tanner",,13,56,16,45,4,4,,33,5,24,11,13,8,5,48,53,,1,12,3,5,7.769230769,35.30769231
,"Sproule, Zach",,10,55,27,31,11,5,14,26,2,12,5,28,9,15,41,51,5,6,14,,3,8.6,46.1
,"Riccardi, Jake",,9,44,24,37,2,1,2,3,3,7,2,10,2,1,23,57,2,3,5,,2,9,33.77777778
,"Keeffe, Lachlan",,8,57,37,22,1,,19,16,13,7,,14,4,5,29,45,8,2,60,1,,9.875,50.5
,"Buntine, Matt",,8,55,21,23,1,1,,17,19,5,2,24,6,9,23,58,,,26,,,9.75,41
,"Briggs, Kieren",,5,23,9,26,2,,85,22,5,7,15,13,8,6,41,13,5,3,13,,,9.8,64.6
,"Peatling, James",,4,27,15,15,,,,6,11,3,1,9,4,4,13,31,,,6,1,,10.5,43
,"Stein, Jake",,6,29,20,11,,,,7,9,,,13,2,6,17,27,4,1,45,,,6.666666667,30.16666667
,"Stone, Conor",,5,21,8,14,3,1,,7,2,6,,3,1,,10,24,,1,5,,1,7,32.6
,"Shipley, Nick",,4,8,6,6,,,,2,1,3,,2,,1,,15,,,,,,3.5,14.75
,"Brown, Callum",,2,4,2,2,2,,,1,,2,,1,,1,4,2,1,1,,,,3,17.5
,,,,5202,2175,3494,279,190,744,1435,990,1192,892,1374,470,447,3344,5242,265,232,1313,115,188,#DIV/0!,
,,,,,,,,,,,,,,,,,,,,,,,,#DIV/0!,
,,,,,,,,,,,,,,,,,,,,,,,,#DIV/0!,
,Playerÿÿ,,GMÿÿ,KIÿÿ,MKÿÿ,HBÿÿ,GLÿÿ,BHÿÿ,HOÿÿ,TKÿÿ,RBÿÿ,IFÿÿ,CLÿÿ,CGÿÿ,FFÿÿ,FAÿÿ,CPÿÿ,UPÿÿ,CMÿÿ,MIÿÿ,1%ÿÿ,BOÿÿ,GAÿÿ,#VALUE!,
,"Mitchell, Tom",,22,321,98,433,8,5,,105,49,91,104,81,24,29,254,504,1,5,14,7,10,34.27272727,115.1363636
,"OMeara, Jaeger",,18,232,74,241,5,9,,91,38,79,111,70,16,31,214,267,3,4,29,3,6,26.27777778,95.88888889
,"Shiels, Liam",,21,244,93,200,5,4,,99,21,80,45,70,16,31,125,312,3,6,25,2,9,21.14285714,84
,"Worpel, James",,20,232,54,194,10,8,,82,21,76,83,81,15,27,169,249,1,1,28,4,8,21.3,78.8
,"Hardwick, Blake",,20,312,108,106,,2,,41,120,27,12,37,22,10,101,271,6,,74,1,2,20.9,81.5
,"Scrimshaw, Jack",,20,249,127,163,4,2,,29,70,34,17,36,8,3,100,291,14,,42,11,8,20.6,79.75
,"Phillips, Tom",,22,241,93,165,13,5,,47,32,43,32,49,23,6,127,279,6,4,13,3,5,18.45454545,73.09090909
,"Howe, Daniel",,20,249,109,124,8,5,,40,38,41,24,60,18,17,110,266,6,5,34,3,5,18.65,75.1
,"Wingard, Chad",,16,199,58,158,12,11,,61,12,76,51,40,19,8,135,225,4,9,22,5,19,22.3125,88.0625
,"Frost, Sam",,22,194,112,139,,,3,44,80,13,5,78,7,31,137,184,28,,101,6,,15.13636364,58.59090909
,"Jiath, Changkuoth",,16,172,93,152,,2,,26,51,36,14,50,18,22,96,240,6,,70,11,3,20.25,72.3125
,"Moore, Dylan",,20,160,76,147,27,11,,58,7,44,10,33,27,9,111,197,5,18,18,2,13,15.35,70.35
,"Impey, Jarman",,13,181,70,107,2,,,33,47,27,11,24,16,4,65,221,7,1,32,21,2,22.15384615,85.76923077
,"McEvoy, Ben",,22,135,111,140,12,8,370,78,18,27,44,46,28,14,147,142,35,19,97,1,8,12.5,80.27272727
,"Breust, Luke",,19,121,47,117,33,11,,62,2,49,15,36,12,13,121,131,4,24,16,2,10,12.52631579,61.47368421
,"Morrison, Harry",,15,124,67,107,7,2,,34,22,25,20,35,7,14,64,166,3,3,11,,5,15.4,62.13333333
,"OBrien, Tim",,19,147,90,72,12,5,12,32,28,30,4,40,18,16,85,127,25,14,63,,7,11.52631579,54.84210526
,"Burgoyne, Shaun",,18,133,46,84,1,1,,31,57,24,7,29,5,5,54,137,2,1,40,3,1,12.05555556,45.88888889
,"Hartigan, Kyle",,19,106,66,95,,,2,16,44,8,4,50,15,28,78,121,12,,123,,1,10.57894737,37
,"Cousins, James",,10,101,27,86,2,5,,37,8,40,19,27,8,6,69,120,3,3,6,8,7,18.7,71.1
,"Bramble, Lachlan",,10,119,44,64,1,3,,20,32,38,4,17,7,3,36,130,2,2,16,21,7,18.3,70.4
,"Ceglar, Jonathon",,12,67,53,113,2,2,249,26,13,23,48,26,10,16,112,80,19,5,51,,1,15,76.25
,"Koschitzke, Jacob",,20,98,77,65,27,19,1,37,1,19,,29,13,7,78,86,23,42,51,2,6,8.15,48.85
,"Lewis, Mitch",,14,91,67,51,22,9,29,28,2,22,4,23,13,10,75,70,25,23,25,1,5,10.14285714,60.07142857
,"Hanrahan, Oliver",,13,71,31,70,8,6,,13,1,18,1,17,7,4,49,86,1,8,7,1,3,10.84615385,42.07692308
,"Nash, Conor",,8,51,26,59,2,1,,23,5,19,24,21,3,10,42,66,1,2,10,1,1,13.75,53.375
,"Day, Will",,5,55,25,44,,,,8,18,10,4,17,5,7,28,65,2,,12,3,,19.8,68.8
,"Brockman, Tyler",,11,52,27,46,10,4,,23,1,13,6,26,2,6,37,59,3,12,12,3,6,8.909090909,42.63636364
,"Greaves, Damon",,7,48,16,26,1,,,12,15,9,2,10,6,2,13,56,,,11,,,10.57142857,42.57142857
,"Newcombe, Jai",,7,32,17,30,1,1,,39,5,10,12,14,4,8,22,42,,1,4,,,8.857142857,50
,"Hartley, Michael",,3,39,14,17,1,1,,5,15,2,2,7,1,3,13,32,1,,13,,,18.66666667,70.66666667
,"Reeves, Ned",,5,19,8,29,1,,131,20,6,4,11,6,5,5,31,19,4,1,31,,1,9.6,69.2
,"Grainger-Barras, Denver",,5,25,17,12,,,,11,8,2,2,7,3,2,11,27,1,,25,,1,7.4,38.2
,"Jeka, Emerson",,4,13,7,13,2,2,,4,,6,,2,1,,11,21,1,3,5,,1,6.5,29.25
,"Maginness, Finn",,2,5,1,10,,,,5,,5,5,3,1,1,11,6,,,4,,1,7.5,28
,"Downie, Connor",,2,6,2,6,,,,,2,1,,,,,1,11,,,,1,,6,18
,"Gunston, Jack",,1,6,1,1,,,,2,2,,1,1,,,1,5,,1,,,,7,31
,"Morris, Josh",,5,4,1,2,,1,,5,,1,,2,3,,5,1,,,1,1,,1.2,8.6
,,,,4654,2053,3688,239,145,797,1327,891,1072,758,1200,406,408,2938,5312,257,217,1136,127,162,#DIV/0!,
,,,,,,,,,,,,,,,,,,,,,,,,#DIV/0!,
,,,,,,,,,,,,,,,,,,,,,,,,#DIV/0!,
,Playerÿÿ,,GMÿÿ,KIÿÿ,MKÿÿ,HBÿÿ,GLÿÿ,BHÿÿ,HOÿÿ,TKÿÿ,RBÿÿ,IFÿÿ,CLÿÿ,CGÿÿ,FFÿÿ,FAÿÿ,CPÿÿ,UPÿÿ,CMÿÿ,MIÿÿ,1%ÿÿ,BOÿÿ,GAÿÿ,#VALUE!,
,"Oliver, Clayton",,25,358,89,431,11,18,,136,47,130,187,129,43,46,435,359,5,6,29,4,18,31.56,109.44
,"Petracca, Christian",,25,409,126,321,29,19,,103,32,171,158,125,23,29,349,381,8,23,20,3,19,29.2,111.52
,"Salem, Christian",,24,405,145,203,3,2,,58,137,60,24,64,14,18,137,418,4,1,31,12,8,25.33333333,94.5
,"Langdon, Ed",,24,315,130,209,13,9,,45,51,67,25,57,15,8,140,380,5,12,19,18,6,21.83333333,83.79166667
,"Gawn, Max",,25,316,131,147,16,17,804,71,43,79,114,97,33,34,267,190,58,23,99,,9,18.52,110.68
,"Brayshaw, Angus",,25,274,105,186,3,7,,61,34,68,36,80,12,19,173,290,7,8,46,4,9,18.4,69.32
,"Neal-Bullen, Alex",,25,255,80,153,15,11,,111,18,99,45,68,30,19,171,246,2,14,33,4,16,16.32,73.16
,"May, Steven",,23,339,125,61,,2,,24,142,19,6,59,14,17,92,190,26,,151,2,2,17.39130435,68.47826087
,"Lever, Jake",,25,242,136,147,,1,,44,103,30,1,57,23,23,173,204,44,,167,1,2,15.56,62.36
,"Rivers, Trent",,25,241,101,137,1,1,,39,74,41,12,47,7,14,117,243,11,,61,9,1,15.12,57.12
,"Harmes, James",,18,152,52,222,7,10,,94,23,60,56,62,20,24,164,223,4,7,22,4,5,20.77777778,79.55555556
,"Jordon, James",,25,178,64,185,6,6,,97,26,45,30,48,18,9,120,249,1,3,17,1,4,14.52,60.68
,"Viney, Jack",,15,162,37,173,4,7,,106,14,59,80,63,30,18,163,167,,4,21,,5,22.33333333,91.6
,"McDonald, Tom",,23,217,122,105,33,22,30,51,8,65,7,58,22,26,143,191,28,32,55,1,22,14,70.65217391
,"Jackson, Luke",,24,107,72,201,16,9,255,48,8,30,35,42,24,11,157,158,24,21,37,,8,12.83333333,61.75
,"Pickett, Kysaiah",,25,193,59,103,40,28,,87,8,63,26,63,20,21,144,147,4,26,23,11,9,11.84,61.4
,"Spargo, Charlie",,25,195,84,92,18,16,,59,9,54,10,41,26,16,103,187,7,17,13,1,16,11.48,54.36
,"Hunt, Jayden",,20,179,64,95,2,3,,49,45,56,12,47,16,19,82,188,3,1,23,22,2,13.7,54.45
,"Fritsch, Bayley",,24,190,116,54,59,24,,47,,50,2,51,18,21,84,162,14,60,17,3,7,10.16666667,64.45833333
,"Hibberd, Michael",,17,127,58,100,,,,35,54,15,7,38,16,10,82,149,2,,36,,,13.35294118,51.82352941
,"Sparrow, Tom",,21,102,40,84,7,4,,57,12,37,21,36,13,15,77,116,4,5,19,,4,8.857142857,39.80952381
,"Petty, Harry",,19,107,68,54,,,,31,38,6,2,36,11,17,79,88,14,,105,,1,8.473684211,37.73684211
,"Brown, Ben",,13,102,69,24,25,13,13,20,,30,1,18,11,6,65,67,19,32,29,,4,9.692307692,62.30769231
,"Bowey, Jake",,7,61,23,58,,,,5,13,13,11,15,1,7,40,76,1,,11,,1,17,52.57142857
,"Melksham, Jake",,12,58,25,49,8,4,,18,2,22,6,22,3,10,45,66,1,8,11,,8,8.916666667,37
,"Jones, Nathan",,8,50,23,45,2,3,,12,9,15,7,14,3,4,27,67,1,3,2,,2,11.875,45.375
,"Tomlinson, Adam",,7,61,38,23,,,,9,17,3,2,17,2,6,20,62,5,,34,,,12,51.85714286
,"Jetta, Neville",,5,20,13,20,,,,7,6,2,2,7,4,2,20,21,1,,19,,,8,33
,"Weideman, Sam",,5,19,16,21,3,4,1,9,,4,,9,3,1,23,16,5,8,5,,2,8,41.2
,"Vandenberg, Aaron",,4,18,3,9,,,,8,3,6,3,9,,4,6,20,,,1,,1,6.75,25.25
,"Smith, Joel",,3,11,9,9,,,,4,6,,1,8,1,2,10,14,,,16,,,6.666666667,29.66666667
,"Baker, Oskar",,3,12,5,3,,,,4,1,6,2,2,,,3,12,,,1,1,,5,24.33333333
,"Brown, Mitch",,1,8,6,2,2,2,,3,,,,1,1,1,3,8,1,3,1,,,10,70
,"Chandler, Kade",,5,1,,3,,,,2,,,,3,,2,2,2,,,,,1,0.8,2.2
,,,,5484,2234,3729,323,242,1103,1554,983,1405,931,1493,477,479,3716,5357,309,317,1174,101,192,#DIV/0!,
,,,,,,,,,,,,,,,,,,,,,,,,#DIV/0!,
,,,,,,,,,,,,,,,,,,,,,,,,#DIV/0!,
,Playerÿÿ,,GMÿÿ,KIÿÿ,MKÿÿ,HBÿÿ,GLÿÿ,BHÿÿ,HOÿÿ,TKÿÿ,RBÿÿ,IFÿÿ,CLÿÿ,CGÿÿ,FFÿÿ,FAÿÿ,CPÿÿ,UPÿÿ,CMÿÿ,MIÿÿ,1%ÿÿ,BOÿÿ,GAÿÿ,#VALUE!,
,"Simpkin, Jy",,22,325,96,267,2,5,,84,29,103,114,99,34,28,235,361,2,4,32,11,14,26.90909091,95.45454545
,"Hall, Aaron",,20,423,150,135,2,6,,45,147,57,10,65,8,4,81,389,4,3,27,17,8,27.9,109.15
,"Ziebell, Jack",,21,426,155,104,2,,,40,152,19,8,58,17,14,107,281,15,,68,5,1,25.23809524,99.9047619
,"Davies-Uniacke, Luke",,20,229,97,211,6,12,,64,31,83,90,72,11,27,191,278,3,5,15,7,8,22,81.7
,"Cunnington, Ben",,15,203,62,199,9,8,,74,22,54,114,69,30,31,234,174,6,7,16,,7,26.8,99.2
,"Thomas, Tarryn",,21,233,96,149,24,17,,72,24,89,56,69,29,19,162,228,9,19,24,21,15,18.19047619,81.23809524
,"Stephenson, Jaidyn",,19,249,109,119,17,19,,48,22,74,29,53,16,10,97,264,4,19,17,7,8,19.36842105,84.78947368
,"Atley, Shaun",,20,190,107,154,1,1,,26,55,25,5,40,14,7,81,264,2,,28,14,2,17.2,65.15
,"Goldstein, Todd",,22,160,80,154,12,4,655,42,9,54,76,58,35,25,158,163,13,12,86,,7,14.27272727,85.77272727
,"Turner, Kayne",,22,134,69,126,2,4,,59,30,26,19,45,35,15,105,161,4,6,43,1,3,11.81818182,50.13636364
,"Walker, Josh",,21,153,114,103,3,1,15,22,48,16,2,47,10,9,81,173,20,3,89,2,,12.19047619,52.95238095
,"Dumont, Trent",,14,168,75,82,,,,26,38,40,21,35,5,6,60,197,1,,21,,3,17.85714286,70.28571429
,"Taylor, Curtis",,19,154,79,96,7,5,,40,16,35,10,54,13,13,74,182,6,13,11,1,8,13.15789474,56.42105263
,"Zurhaar, Cameron",,20,163,75,72,31,23,,58,6,47,17,63,19,27,92,147,14,34,17,2,7,11.75,61.85
,"Mahony, Jack",,19,116,53,104,9,4,,61,7,29,13,43,14,13,93,134,1,14,18,1,12,11.57894737,52.21052632
,"Powell, Tom",,13,107,47,110,4,2,,48,18,36,22,21,7,7,69,148,1,2,7,1,6,16.69230769,68.15384615
,"Scott, Bailey",,17,111,52,106,8,5,,32,14,26,13,40,5,7,67,156,2,8,8,3,10,12.76470588,50.94117647
,"Larkey, Nick",,22,123,84,87,42,15,30,27,2,29,6,39,32,12,101,113,25,44,28,3,7,9.545454545,54.36363636
,"McKay, Ben",,22,99,95,111,,,,31,36,9,3,31,14,17,70,136,19,,154,3,1,9.545454545,40.5
,"McDonald, Luke",,11,114,57,75,,2,,28,26,26,8,33,2,10,49,134,6,1,23,1,3,17.18181818,68.09090909
,"Young, Lachie",,15,108,58,60,,2,,23,31,28,9,38,13,16,54,116,6,1,40,1,1,11.2,45.13333333
,"Phillips, Will",,16,71,31,81,3,4,,33,3,18,19,21,7,5,63,94,2,2,10,1,3,9.5,38.375
,"Tarrant, Robbie",,10,104,67,41,,,,10,33,4,1,27,7,14,30,108,5,,45,,1,14.5,60
,"Anderson, Jed",,7,65,22,67,4,1,,40,7,17,19,28,5,9,58,78,1,3,9,,4,18.85714286,79.71428571
,"Bonar, Aiden",,10,72,36,35,,,,16,25,4,2,16,4,8,34,70,5,,42,1,,10.7,43.8
,"Menadue, Connor",,7,54,36,49,,,,9,14,7,3,10,6,2,32,74,2,,10,3,,14.71428571,57.71428571
,"Campbell, Tom",,9,49,35,51,6,1,97,14,2,12,15,34,7,14,61,41,10,8,11,,2,11.11111111,56.55555556
,"Lazzaro, Charlie",,12,55,26,41,3,3,,21,8,19,5,22,6,3,26,76,1,4,8,6,3,8,35.58333333
,"Bosenavulagi, Atu",,8,46,28,35,1,,,13,9,13,2,12,4,5,29,49,2,,8,1,2,10.125,42.375
,"Polec, Jared",,5,48,17,15,,2,,10,7,6,5,9,3,5,17,43,1,,5,1,1,12.6,51
,"Xerri, Tristan",,8,26,14,34,1,2,59,17,,9,6,30,4,16,42,22,4,2,20,,1,7.5,34.875
,"Garner, Taylor",,4,36,21,18,7,1,,7,2,7,,9,5,3,16,36,4,8,4,,4,13.5,68.5
,"Ford, Eddie",,5,24,21,14,3,3,,4,1,9,,4,4,1,11,27,,6,2,,3,7.6,40.2
,"Corr, Aidan",,2,19,9,13,,1,,5,9,2,1,4,1,1,11,17,1,,9,,,16,64.5
,"Tyson, Dom",,3,13,11,13,,,,3,,4,3,8,1,2,5,23,,,4,,1,8.666666667,35
,"Hayden, Kyron",,3,14,8,7,,,,6,4,2,,7,4,5,7,16,,1,3,,,7,31
,"Spicer, Phoenix",,1,3,1,4,,1,,,,2,,2,,,2,5,,,1,,,7,21
,"Comben, Charlie",,1,3,2,3,1,,,1,,1,,1,,1,3,3,,1,2,,,6,28
,,,,4690,2195,3145,210,154,856,1159,887,1041,726,1316,431,411,2708,4981,201,230,965,114,156,#DIV/0!,
,,,,,,,,,,,,,,,,,,,,,,,,#DIV/0!,
,,,,,,,,,,,,,,,,,,,,,,,,#DIV/0!,
,Playerÿÿ,,GMÿÿ,KIÿÿ,MKÿÿ,HBÿÿ,GLÿÿ,BHÿÿ,HOÿÿ,TKÿÿ,RBÿÿ,IFÿÿ,CLÿÿ,CGÿÿ,FFÿÿ,FAÿÿ,CPÿÿ,UPÿÿ,CMÿÿ,MIÿÿ,1%ÿÿ,BOÿÿ,GAÿÿ,#VALUE!,
,"Wines, Ollie",,24,362,100,415,10,15,,105,39,125,142,113,33,19,354,412,12,11,30,3,14,32.375,111.9583333
,"Boak, Travis",,23,305,67,335,8,18,,110,25,97,143,88,37,25,298,350,2,10,27,2,20,27.82608696,98
,"Amon, Karl",,24,370,141,196,11,17,,98,57,112,46,80,16,23,116,442,1,5,29,12,10,23.58333333,97.79166667
,"Houston, Dan",,23,313,110,168,7,6,,56,64,69,29,68,10,15,149,321,9,3,31,7,15,20.91304348,80.08695652
,"Byrne-Jones, Darcy",,24,301,104,179,,2,,66,68,59,27,66,26,12,134,327,5,,54,7,8,20,76.20833333
,"Burton, Ryan",,24,320,133,113,,1,,61,102,45,16,63,14,23,117,263,12,1,44,,7,18.04166667,73.95833333
,"Drew, Willem",,24,177,52,247,4,4,,164,18,62,94,65,21,30,213,212,5,4,42,1,8,17.66666667,74.83333333
,"Aliir, Aliir",,24,268,156,100,,1,5,37,94,20,6,50,25,20,156,194,51,3,150,2,,15.33333333,66.29166667
,"Jonas, Tom",,24,260,133,94,,,,37,114,19,6,38,21,19,112,186,19,,172,,2,14.75,61.625
,"Rozee, Connor",,21,176,71,159,21,13,,60,11,59,24,48,25,14,136,201,5,10,29,10,13,15.95238095,67.66666667
,"Bergman, Miles",,23,199,101,126,7,7,,42,32,38,16,50,16,5,102,224,5,4,26,2,3,14.13043478,59.56521739
,"Gray, Robbie",,18,157,67,161,20,8,,48,8,41,53,44,16,14,141,179,6,23,19,4,18,17.66666667,71.55555556
,"Motlop, Steven",,19,169,81,128,13,8,,47,11,40,6,41,13,11,79,223,5,20,17,10,10,15.63157895,66.31578947
,"Dixon, Charlie",,24,178,97,117,48,24,104,50,3,41,23,76,39,27,203,105,59,44,67,1,12,12.29166667,68.04166667
,"Lycett, Scott",,20,140,56,154,6,6,520,77,19,49,64,63,27,38,163,137,4,9,73,1,5,14.7,83.95
,"Bonner, Riley",,14,206,67,73,2,1,,16,46,35,6,35,5,9,48,209,,,22,1,6,19.92857143,72.85714286
,"Ladhams, Peter",,17,129,58,102,13,5,228,40,10,39,32,50,24,20,121,106,18,15,36,,6,13.58823529,70.58823529
,"Butters, Zak",,12,111,50,114,8,2,,42,9,24,32,35,12,12,85,132,2,6,18,8,9,18.75,75.41666667
,"Powell-Pepper, Sam",,16,115,39,104,10,8,,61,4,54,24,42,13,18,95,125,3,6,10,,7,13.6875,58.8125
,"Marshall, Todd",,21,159,85,55,24,12,5,27,8,38,5,32,18,8,96,125,23,33,42,,13,10.19047619,52.61904762
,"McKenzie, Trent",,14,183,84,30,1,,,24,77,10,2,21,6,7,59,103,17,,65,,,15.21428571,67.71428571
,"Georgiades, Mitch",,21,134,93,76,32,17,,37,1,36,1,59,14,31,89,122,25,44,22,1,8,10,52.9047619
,"Duursma, Xavier",,11,111,52,96,3,3,,29,13,36,11,34,13,9,62,146,3,3,7,4,,18.81818182,73.09090909
,"Fantasia, Orazio",,15,126,48,52,28,23,,30,1,49,8,25,10,6,59,116,1,20,9,4,8,11.86666667,61.93333333
,"Hartlett, Hamish",,10,85,33,66,2,2,,22,24,18,5,25,8,11,45,103,2,1,27,,3,15.1,56.3
,"Clurey, Tom",,11,103,61,37,,,,12,27,2,1,19,5,8,56,82,17,,61,1,,12.72727273,54.09090909
,"Farrell, Kane",,10,67,23,55,4,3,,24,3,23,7,24,1,11,36,87,2,1,5,,4,12.2,47.1
,"Lienert, Jarrod",,5,62,21,22,1,,,8,23,9,4,11,3,3,19,54,2,,15,1,,16.8,65
,"Jones, Lachie",,6,44,22,37,1,,,9,12,9,1,17,4,5,33,49,1,,14,,2,13.5,50.5
,"Frederick, Martin",,8,33,17,42,1,,,10,6,9,3,9,5,5,26,50,2,1,8,2,2,9.375,33.75
,"Woodcock, Boyd",,7,40,25,33,4,3,,14,2,9,1,16,4,8,20,54,1,6,9,,2,10.42857143,46.28571429
,"Mayes, Sam",,11,35,17,35,5,3,,20,2,9,5,16,2,2,27,42,5,6,6,,1,6.363636364,30.45454545
,"Rockliff, Tom",,2,3,,8,,1,,,,1,2,,1,,5,7,,,1,,,5.5,13.5
,"Williams, Dylan",,1,6,1,1,,,,3,,2,,1,,1,2,2,,,,,,7,32
,"McEntee, Jed",,1,,,1,,,,,,,,,,,,1,,,,,,1,2
,,,,5447,2265,3731,294,213,862,1486,933,1288,845,1424,487,469,3456,5491,324,289,1187,84,216,#DIV/0!,
,,,,,,,,,,,,,,,,,,,,,,,,#DIV/0!,
,,,,,,,,,,,,,,,,,,,,,,,,#DIV/0!,
,Playerÿÿ,,GMÿÿ,KIÿÿ,MKÿÿ,HBÿÿ,GLÿÿ,BHÿÿ,HOÿÿ,TKÿÿ,RBÿÿ,IFÿÿ,CLÿÿ,CGÿÿ,FFÿÿ,FAÿÿ,CPÿÿ,UPÿÿ,CMÿÿ,MIÿÿ,1%ÿÿ,BOÿÿ,GAÿÿ,#VALUE!,
,"Short, Jayden",,22,411,134,131,1,2,,39,151,50,11,58,17,8,85,363,1,,35,30,2,24.63636364,93.36363636
,"Baker, Liam",,22,238,88,208,7,8,,61,39,65,30,80,12,33,179,276,4,7,54,3,11,20.27272727,72.77272727
,"Graham, Jack",,22,220,56,198,11,7,,122,21,86,39,67,21,27,131,298,,6,15,5,15,19,78.40909091
,"Bolton, Shai",,20,208,82,185,23,20,,55,6,96,71,72,13,26,168,232,11,23,18,20,20,19.65,77.65
,"Martin, Dustin",,16,200,46,161,19,7,,36,3,84,57,54,9,12,151,210,9,15,26,12,16,22.5625,81.125
,"Cotchin, Trent",,17,206,53,147,2,,,57,27,57,68,62,17,13,160,196,1,2,28,,2,20.76470588,75.82352941
,"Edwards, Shane",,16,149,47,145,8,3,,36,28,41,47,43,6,13,113,175,2,6,28,4,7,18.375,65
,"Grimes, Dylan",,21,159,118,127,,,,47,47,15,6,51,23,20,122,161,22,,120,,2,13.61904762,58.85714286
,"Pickett, Marlion",,18,119,63,163,2,4,16,62,26,45,25,70,11,34,138,161,6,4,46,5,4,15.66666667,58.94444444
,"Houli, Bachar",,12,159,77,116,1,,,40,57,26,10,26,8,5,56,189,2,1,19,28,3,22.91666667,91.58333333
,"Lambert, Kane",,13,137,54,131,6,4,,40,12,44,12,42,8,13,72,188,1,8,20,,10,20.61538462,77.23076923
,"Nankervis, Toby",,16,114,49,153,1,5,360,57,26,34,69,70,22,28,165,101,8,3,61,,1,16.6875,83.25
,"McIntosh, Kamdyn",,17,182,69,81,1,4,,41,33,47,19,62,13,19,99,169,2,4,35,14,3,15.47058824,61.47058824
,"Rioli, Daniel",,19,120,54,127,9,6,,46,12,26,9,31,20,11,84,168,3,8,22,6,4,13,53
,"Castagna, Jason",,21,120,85,126,17,13,,41,4,32,7,27,13,3,69,174,1,17,13,3,7,11.71428571,54.76190476
,"Riewoldt, Jack",,22,187,107,53,51,29,,38,1,51,5,65,12,24,103,130,27,68,34,2,17,10.90909091,64.31818182
,"Astbury, David",,17,136,93,97,,,15,23,42,11,7,29,14,11,69,158,11,,66,1,2,13.70588235,57
,"Broad, Nathan",,14,159,89,70,,,,17,48,21,2,26,7,5,66,158,11,,64,3,1,16.35714286,67.42857143
,"Aarts, Jake",,21,122,53,100,18,12,,53,6,40,11,55,20,27,102,123,5,9,17,9,13,10.57142857,47.42857143
,"Vlastuin, Nick",,12,155,82,63,,1,,27,63,12,4,33,9,14,55,133,7,1,49,1,3,18.16666667,76.08333333
,"Prestia, Dion",,9,93,29,107,1,3,,37,17,27,38,30,17,8,82,123,,1,8,1,1,22.22222222,81.11111111
,"Lynch, Tom",,18,130,87,69,35,33,24,28,,45,7,56,17,24,114,97,31,52,37,,15,11.05555556,61.83333333
,"Balta, Noah",,14,129,65,54,2,1,14,18,43,16,6,32,7,10,60,114,20,1,50,5,1,13.07142857,54.71428571
,"Ross, Jack",,15,77,43,82,2,,,22,13,22,12,18,5,5,43,117,1,2,13,4,2,10.6,40.93333333
,"Mansell, Rhyan",,13,91,35,53,1,,,29,36,15,3,26,13,14,40,98,,,30,1,,11.07692308,44.38461538
,"Collier-Dawkins, Riley",,9,58,21,74,3,,,32,3,21,30,25,5,9,57,82,,3,6,1,1,14.66666667,56.55555556
,"Stack, Sydney",,7,60,36,57,2,1,,17,18,13,2,21,5,5,37,82,4,1,11,,3,16.71428571,67.57142857
,"Caddy, Josh",,9,68,36,45,2,5,,11,8,15,6,13,4,3,30,81,,4,9,3,2,12.55555556,50.88888889
,"Chol, Mabior",,10,59,31,41,7,4,123,25,7,17,21,20,8,8,54,49,10,7,27,,1,10,60.5
,"Coleman-Jones, Callum",,8,38,30,46,11,4,61,13,4,6,6,15,7,8,48,42,11,10,16,,1,10.5,57.75
,"Parker, Matthew",,6,47,18,32,3,3,,29,2,16,9,19,1,6,23,55,1,3,5,2,3,13.16666667,63.16666667
,"Dow, Thomson",,5,29,16,37,,2,,5,2,6,5,11,1,2,22,45,,2,2,,2,13.2,45.2
,"Garthwaite, Ryan",,5,25,11,25,,,,9,12,4,,10,4,2,15,32,2,,33,,,10,38.4
,"Naish, Patrick",,6,27,9,22,2,,,10,5,11,3,8,3,1,12,37,,,3,1,3,8.166666667,34
,"Ralphsmith, Hugo",,6,27,7,22,3,2,,5,4,8,,8,1,2,12,36,,1,11,,,8.166666667,30.16666667
,"Martyn, Will",,3,14,6,12,,,,3,,3,3,8,,4,9,21,,,2,,,8.666666667,28
,"Eggmolesse-Smith, Derek",,1,6,1,3,,,,2,3,,1,3,1,2,2,5,,,,,,9,30
,"Rioli, Maurice",,2,7,1,2,2,,,4,,2,,5,1,1,1,6,,,1,,1,4.5,27
,"Miller, Ben",,1,4,2,2,,,,,2,,,,1,,5,3,,,8,,,6,23
,"Ryan, Samson",,1,,,,,,1,,,,,1,,1,,,,,1,,,0,-2
,,,,4490,1983,3367,253,183,614,1237,831,1130,661,1352,376,461,2853,4888,214,269,1043,164,179,#DIV/0!,
,,,,,,,,,,,,,,,,,,,,,,,,#DIV/0!,
,,,,,,,,,,,,,,,,,,,,,,,,#DIV/0!,
,Playerÿÿ,,GMÿÿ,KIÿÿ,MKÿÿ,HBÿÿ,GLÿÿ,BHÿÿ,HOÿÿ,TKÿÿ,RBÿÿ,IFÿÿ,CLÿÿ,CGÿÿ,FFÿÿ,FAÿÿ,CPÿÿ,UPÿÿ,CMÿÿ,MIÿÿ,1%ÿÿ,BOÿÿ,GAÿÿ,#VALUE!,
,"Steele, Jack",,22,311,103,331,13,8,,185,38,105,138,87,43,32,305,333,6,10,42,6,12,29.18181818,121.6818182
,"Crouch, Brad",,20,248,56,279,7,5,,109,31,63,98,87,23,24,224,286,,4,23,1,6,26.35,95.2
,"Sinclair, Jack",,21,281,102,162,3,2,,48,78,53,29,51,9,10,139,300,4,1,47,13,11,21.0952381,79.23809524
,"Hill, Bradley",,22,279,86,155,3,1,,50,60,63,18,65,6,21,75,343,1,1,35,14,9,19.72727273,71.22727273
,"Ross, Sebastian",,20,225,91,195,5,8,,61,35,60,60,51,12,12,136,284,2,2,34,11,7,21,79.8
,"Billings, Jack",,18,218,113,143,14,14,,35,31,58,19,41,14,10,99,264,4,18,18,1,9,20.05555556,83.38888889
,"Wilkie, Callum",,22,248,126,85,,1,,39,89,14,4,52,17,25,92,228,15,,116,3,2,15.13636364,63.22727273
,"Howard, Dougal",,21,256,102,68,,1,1,25,109,11,6,43,14,15,81,156,18,,188,1,,15.42857143,61
,"Webster, Jimmy",,20,205,93,117,1,,,29,71,17,10,36,12,9,95,208,6,,59,6,,16.1,61.75
,"Membrey, Tim",,21,227,151,85,34,26,12,22,8,66,3,57,18,10,120,196,32,52,53,2,14,14.85714286,77.23809524
,"Jones, Zak",,13,163,49,141,4,2,,57,20,56,55,37,17,13,109,203,,5,12,15,8,23.38461538,88.46153846
,"Dunstan, Luke",,12,169,51,134,1,4,,59,11,60,70,50,18,19,134,167,,2,19,,2,25.25,94.58333333
,"Higgins, Jack",,19,161,79,131,27,16,,42,2,52,8,41,20,12,118,171,10,29,13,2,8,15.36842105,69.05263158
,"Clark, Hunter",,13,154,53,95,2,1,,40,25,22,21,39,8,16,84,163,1,,12,1,4,19.15384615,72.61538462
,"Butler, Dan",,22,170,43,78,18,17,,82,5,60,8,56,18,20,87,147,,11,25,17,10,11.27272727,54.81818182
,"Byrnes, Ryan",,16,131,76,116,6,1,,29,22,29,20,35,9,1,71,172,3,3,6,,7,15.4375,63.25
,"Coffield, Nick",,16,159,89,69,1,1,,25,45,15,5,29,18,10,62,166,5,2,30,4,,14.25,61.0625
,"Marshall, Rowan",,13,137,63,66,9,5,241,39,10,32,32,35,18,13,133,78,27,13,33,,3,15.61538462,89.76923077
,"King, Max",,20,126,90,67,38,30,11,16,1,33,1,41,18,14,121,74,48,54,25,,13,9.65,54.55
,"Battle, Josh",,16,113,61,73,3,7,2,46,21,20,9,29,13,11,71,115,5,3,25,1,2,11.625,53.6875
,"McKenzie, Daniel",,12,105,56,75,5,,,20,8,26,16,29,6,12,54,125,2,2,17,4,5,15,59.41666667
,"Highmore, Tom",,13,97,66,75,,,,31,21,9,3,23,10,13,60,104,12,,31,2,,13.23076923,56.46153846
,"Bytel, Jack",,13,70,18,79,2,1,,55,9,24,38,25,8,8,68,81,,1,5,1,1,11.46153846,49.15384615
,"Long, Ben",,15,94,52,49,2,9,,35,17,19,7,39,10,16,53,94,3,5,36,4,3,9.533333333,43.93333333
,"Ryder, Paddy",,12,82,37,36,5,1,362,30,5,29,29,30,9,17,72,45,15,5,41,,2,9.833333333,75
,"Lonie, Jack",,11,68,23,40,4,6,,22,7,18,3,14,11,1,29,80,1,1,5,,3,9.818181818,43.54545455
,"Kent, Dean",,7,56,35,40,5,6,,22,3,29,1,19,3,7,22,75,2,9,9,2,4,13.71428571,65.57142857
,"Wood, Mason",,9,51,30,41,7,2,,24,4,16,2,14,3,7,31,64,,3,6,,2,10.22222222,49.66666667
,"Connolly, Leo",,7,56,22,27,1,1,,4,13,9,2,13,1,3,16,65,1,2,5,7,1,11.85714286,43.28571429
,"Gresham, Jade",,3,42,12,21,1,,,6,2,19,15,14,,5,17,38,1,,,3,3,21,73
,"Hunter, Paul",,7,18,5,29,2,,113,28,4,7,16,22,5,13,27,23,,,30,,1,6.714285714,47.14285714
,"Joyce, Darragh",,5,36,13,11,,,4,4,12,2,,11,2,4,15,30,,,25,,,9.4,35.8
,"Sharman, Cooper",,5,27,19,17,10,4,4,8,,6,2,7,,1,18,24,7,13,1,,2,8.8,53.8
,"Geary, Jarryn",,3,22,15,18,1,1,,7,2,3,,5,,4,10,30,2,2,7,1,1,13.33333333,56.66666667
,"Hannebery, Dan",,2,18,4,22,,,,3,3,2,10,7,1,2,18,23,,,,,,20,58.5
,"Carlisle, Jake",,4,20,11,18,1,2,47,9,2,5,7,12,3,7,21,16,4,1,9,,1,9.5,50.5
,"Clavarino, Oscar",,5,20,14,16,,,1,8,6,4,,12,2,6,17,20,4,,17,1,,7.2,30.2
,"McKernan, Shaun",,4,24,8,12,2,1,44,7,2,4,6,23,2,9,25,13,2,3,13,,,9,45
,"Frawley, James",,2,13,10,10,,,,2,7,,,3,,1,6,13,,,8,,,11.5,47
,,,,4900,2127,3226,237,184,842,1363,839,1120,771,1284,401,433,2935,5017,243,257,1080,123,156,#DIV/0!,
,,,,,,,,,,,,,,,,,,,,,,,,#DIV/0!,
,,,,,,,,,,,,,,,,,,,,,,,,#DIV/0!,
,Playerÿÿ,,GMÿÿ,KIÿÿ,MKÿÿ,HBÿÿ,GLÿÿ,BHÿÿ,HOÿÿ,TKÿÿ,RBÿÿ,IFÿÿ,CLÿÿ,CGÿÿ,FFÿÿ,FAÿÿ,CPÿÿ,UPÿÿ,CMÿÿ,MIÿÿ,1%ÿÿ,BOÿÿ,GAÿÿ,#VALUE!,
,"Parker, Luke",,23,298,87,343,15,8,,106,31,93,146,97,39,35,309,322,9,13,32,3,17,27.86956522,99.86956522
,"Lloyd, Jake",,22,404,124,210,1,1,,40,144,40,11,51,14,18,88,395,3,1,49,26,5,27.90909091,96.86363636
,"Dawson, Jordan",,23,354,126,159,9,7,,68,113,69,15,61,22,23,144,315,23,9,96,5,6,22.30434783,88.86956522
,"Kennedy, Josh",,21,220,76,285,4,6,,100,21,68,109,51,19,13,232,270,2,8,15,1,11,24.04761905,88.95238095
,"Mills, Callum",,18,256,107,239,6,1,,95,48,75,86,56,22,11,187,307,2,3,36,1,9,27.5,109.6111111
,"Florent, Oliver",,23,273,93,163,9,6,,50,44,76,49,66,18,19,140,304,5,6,34,11,7,18.95652174,71.52173913
,"McInerney, Justin",,21,229,113,150,7,2,1,23,31,63,19,45,21,19,109,294,4,3,38,7,8,18.04761905,67.95238095
,"Hewett, George",,21,160,74,216,,,,71,30,32,52,38,12,15,146,236,4,2,22,,5,17.9047619,65.95238095
,"Rampe, Dane",,20,248,123,113,,1,,34,92,32,4,56,14,24,81,262,10,,80,3,1,18.05,70.9
,"Hickey, Tom",,21,193,60,154,10,7,506,45,24,64,104,74,25,38,215,141,11,7,89,,6,16.52380952,82.42857143
,"Cunningham, Harry",,21,229,108,113,,,,55,61,29,4,34,13,14,84,246,2,1,53,4,2,16.28571429,68
,"Heeney, Isaac",,21,222,119,111,36,21,1,41,8,66,16,54,22,16,133,204,20,36,26,3,19,15.85714286,77.19047619
,"Papley, Tom",,23,230,89,83,43,27,,34,2,69,27,63,21,22,128,184,4,32,20,7,22,13.60869565,65.17391304
,"McCartin, Tom",,22,196,111,101,,,,23,65,12,9,47,17,16,115,185,25,,160,6,1,13.5,53.81818182
,"Gulden, Errol",,18,195,82,87,14,11,,52,14,70,20,48,24,14,102,180,4,13,17,4,17,15.66666667,71.66666667
,"Rowbottom, James",,17,152,35,110,6,3,,105,22,46,43,52,12,14,114,145,,3,14,1,5,15.41176471,71.17647059
,"Wicks, Sam",,22,143,65,102,17,18,,89,6,37,6,45,17,24,96,150,6,16,23,4,8,11.13636364,56.77272727
,"Warner, Chad",,13,135,31,81,8,5,,48,14,53,32,40,6,17,90,132,2,2,5,1,7,16.61538462,66.15384615
,"Blakey, Nick",,17,138,65,75,3,6,12,28,24,47,6,35,7,6,61,152,6,4,30,17,4,12.52941176,52.70588235
,"Franklin, Lance",,18,157,81,56,51,24,,46,1,53,2,55,24,34,113,112,36,43,24,1,11,11.83333333,70.11111111
,"Hayward, Will",,20,134,81,74,28,15,,60,1,32,5,49,15,18,88,119,15,23,25,1,11,10.4,58.85
,"Fox, Robbie",,15,95,40,87,,,1,28,31,16,4,25,5,7,60,128,3,1,56,5,4,12.13333333,45.06666667
,"Campbell, Braeden",,8,71,26,41,1,2,,11,25,9,1,19,4,3,29,77,,2,8,1,3,14,52.5
,"Reid, Sam",,10,62,45,47,6,6,78,28,3,18,14,19,14,6,60,49,15,13,35,,8,10.9,64.3
,"McLean, Hayden",,12,67,53,35,11,6,30,23,2,14,4,19,5,5,54,54,21,20,39,,5,8.5,51.16666667
,"Melican, Lewis",,6,53,30,23,,,,5,14,7,,9,5,3,30,47,9,,37,,,12.66666667,51.83333333
,"Bell, James",,12,38,24,37,2,2,,25,1,12,4,15,7,5,28,48,3,5,8,,2,6.25,30.5
,"McDonald, Logan",,7,38,22,21,9,5,,6,3,9,,8,8,3,27,34,2,9,8,,6,8.428571429,43.42857143
,"Stephens, Dylan",,7,30,20,29,1,1,,8,5,6,1,17,1,8,13,46,,1,3,3,,8.428571429,32
,"Amartey, Joel",,6,38,16,17,5,3,49,23,3,15,11,15,4,7,37,17,9,5,16,,1,9.166666667,58.83333333
,"ORiordan, Colin",,6,30,13,15,,,,6,1,7,,5,3,,17,25,2,,12,1,2,7.5,31
,"Sinclair, Callum",,4,19,10,21,1,,99,11,,4,12,12,6,3,28,20,1,1,24,,5,10,68.75
,"Brand, Kaiden",,3,22,10,16,,,,6,5,,,5,4,2,16,18,2,,22,,,12.66666667,50
,"Clarke, Ryan",,3,6,3,1,,,,1,3,,1,2,,1,1,6,,,1,,,2.333333333,10
,"Taylor, Lewis",,2,6,4,,,1,,1,,,,1,,1,3,5,,1,1,,,3,16
,"Ronke, Ben",,2,2,1,3,,,,,,,,1,,,2,3,,,,,,2.5,7.5
,"Ling, Matt",,1,,,,,,,,,,,,,,,,,,,,,0,0
,,,,5143,2167,3418,303,195,777,1395,892,1243,817,1289,450,464,3180,5232,260,283,1158,116,218,#DIV/0!,
,,,,,,,,,,,,,,,,,,,,,,,,#DIV/0!,
,,,,,,,,,,,,,,,,,,,,,,,,#DIV/0!,
,Playerÿÿ,,GMÿÿ,KIÿÿ,MKÿÿ,HBÿÿ,GLÿÿ,BHÿÿ,HOÿÿ,TKÿÿ,RBÿÿ,IFÿÿ,CLÿÿ,CGÿÿ,FFÿÿ,FAÿÿ,CPÿÿ,UPÿÿ,CMÿÿ,MIÿÿ,1%ÿÿ,BOÿÿ,GAÿÿ,#VALUE!,
,"Sheed, Dom",,22,320,108,259,9,6,,51,42,83,116,105,27,26,231,353,1,5,24,7,8,26.31818182,91.59090909
,"Gaff, Andrew",,21,343,140,234,3,1,,35,38,78,62,65,16,16,154,421,5,3,23,7,12,27.47619048,97.33333333
,"Kelly, Tim",,19,245,62,209,6,8,,64,24,82,101,68,13,17,201,262,1,1,14,11,15,23.89473684,84.26315789
,"Redden, Jack",,18,208,104,235,3,1,,71,20,49,72,53,20,13,175,280,7,,34,2,3,24.61111111,93.88888889
,"Sheppard, Brad",,20,220,129,127,,,,32,49,20,5,32,12,5,86,260,10,,59,1,2,17.35,71.3
,"Naitanui, Nic",,22,154,34,181,3,7,687,65,16,77,158,56,30,17,273,74,21,3,67,6,10,15.22727273,85.31818182
,"Hurn, Shannon",,15,260,103,67,,,,24,90,24,3,28,9,5,63,173,13,,25,7,2,21.8,87.53333333
,"Cripps, Jamie",,22,205,82,109,26,26,,86,4,71,24,55,17,20,121,210,3,19,33,8,14,14.27272727,71
,"Rotham, Josh",,19,232,161,73,,1,,18,62,19,1,39,13,17,78,241,13,,79,4,1,16.05263158,71.57894737
,"Cole, Tom",,22,203,105,98,,,,44,45,25,8,53,14,24,72,222,7,,59,2,4,13.68181818,56.27272727
,"Darling, Jack",,22,176,123,91,42,19,16,53,2,54,5,60,29,25,144,135,43,49,35,1,11,12.13636364,69.63636364
,"Duggan, Liam",,14,188,94,77,,,,30,39,33,7,31,4,9,72,200,2,,23,1,5,18.92857143,78.35714286
,"Yeo, Elliot",,12,150,27,114,3,7,,63,8,63,83,49,20,20,160,114,2,,21,4,3,22,83
,"McGovern, Jeremy",,15,196,111,50,,,9,15,78,11,3,29,17,9,79,140,25,,91,,1,16.4,72
,"Nelson, Jackson",,19,176,76,57,,1,,26,46,19,14,28,4,7,72,150,1,,43,2,,12.26315789,50.42105263
,"Barrass, Tom",,16,168,117,53,,,1,10,40,15,1,22,14,6,79,142,28,,132,2,,13.8125,62.375
,"Allen, Oscar",,21,154,99,58,28,16,31,39,17,29,9,40,20,19,97,117,37,36,62,1,11,10.0952381,57.57142857
,"Witherden, Alex",,9,166,59,34,1,,,18,57,12,3,28,4,12,33,114,1,,14,5,,22.22222222,87.66666667
,"Langdon, Zac",,17,81,55,101,6,7,,35,8,10,1,35,6,14,74,112,5,13,14,,8,10.70588235,44.52941176
,"Kennedy, Josh",,18,131,89,47,41,21,2,21,1,36,2,31,14,16,79,111,20,52,27,1,15,9.888888889,59.61111111
,"Petruccelle, Jack",,17,108,59,69,16,8,,27,4,42,7,28,5,13,77,105,8,11,9,2,6,10.41176471,48.05882353
,"Waterman, Jake",,14,129,89,44,13,8,,27,11,26,5,27,12,7,44,134,6,20,16,1,6,12.35714286,66.21428571
,"Brander, Jarrod",,11,108,53,60,5,6,,11,10,34,8,18,5,3,45,127,4,4,10,4,4,15.27272727,61.72727273
,"Shuey, Luke",,7,104,23,56,,1,,30,8,34,43,24,18,7,63,93,,,16,4,4,22.85714286,87.28571429
,"Ryan, Liam",,14,116,55,28,24,10,,21,3,39,6,29,11,9,54,93,11,23,10,10,10,10.28571429,56.5
,"Edwards, Harry",,10,75,53,28,,,,20,25,6,,10,6,6,37,67,9,,72,,,10.3,50.8
,"Jones, Jamaine",,15,64,21,37,11,3,,47,10,25,6,16,11,6,48,59,,5,7,2,5,6.733333333,38.6
,"Edwards, Luke",,8,57,26,43,,1,,10,6,9,6,13,5,4,28,74,,1,5,1,3,12.5,46.125
,"ONeill, Xavier",,8,47,16,37,1,1,,15,3,15,8,18,4,2,32,57,2,1,9,,2,10.5,41
,"Foley, Luke",,6,53,23,21,1,,,7,18,8,4,14,,3,19,57,2,,15,,,12.33333333,49.16666667
,"Ah Chee, Brendon",,6,29,12,39,5,2,,14,,12,8,12,1,2,32,39,4,2,10,1,4,11.33333333,47.33333333
,"West, Connor",,5,35,16,28,1,4,,13,2,12,5,17,4,7,34,33,2,3,2,,2,12.6,50.8
,"Hutchings, Mark",,4,23,9,15,,,,8,2,5,5,7,1,,11,26,1,,4,,1,9.5,39.75
,"Vardy, Nathan",,9,18,13,20,5,,92,11,3,7,6,12,5,8,24,17,4,5,23,,2,4.222222222,31.11111111
,"Williams, Bailey",,6,23,15,12,3,3,50,8,3,6,1,13,1,7,21,18,9,4,11,,1,5.833333333,36.83333333
,"Winder, Isiah",,1,2,1,3,1,,,1,,1,1,,1,,3,2,,,,,,5,26
,"Ainsworth, Brayden",,2,,1,4,,,,,,,1,,,,3,3,,,1,,,2,5.5
,,,,4967,2363,2818,257,168,888,1070,794,1091,798,1165,393,381,2918,4835,307,260,1099,97,175,#DIV/0!,
,,,,,,,,,,,,,,,,,,,,,,,,#DIV/0!,
,,,,,,,,,,,,,,,,,,,,,,,,#DIV/0!,
,Playerÿÿ,,GMÿÿ,KIÿÿ,MKÿÿ,HBÿÿ,GLÿÿ,BHÿÿ,HOÿÿ,TKÿÿ,RBÿÿ,IFÿÿ,CLÿÿ,CGÿÿ,FFÿÿ,FAÿÿ,CPÿÿ,UPÿÿ,CMÿÿ,MIÿÿ,1%ÿÿ,BOÿÿ,GAÿÿ,#VALUE!,
,"Macrae, Jack",,26,435,102,445,6,4,1,128,52,135,177,89,44,26,348,546,3,4,29,2,27,33.84615385,116.1538462
,"Bontempelli, Marcus",,26,396,104,299,31,19,8,127,50,172,143,122,41,37,291,439,19,19,99,28,24,26.73076923,105.7307692
,"Daniel, Caleb",,25,364,100,267,7,1,,58,123,45,52,76,18,12,185,386,5,2,38,26,9,25.24,87.32
,"Dale, Bailey",,26,447,100,176,9,,,26,148,67,24,65,10,12,132,360,8,2,59,44,10,23.96153846,81.73076923
,"Smith, Bailey",,26,354,97,259,17,13,,87,44,101,77,85,21,19,193,420,3,7,23,13,11,23.57692308,88.38461538
,"Liberatore, Tom",,25,285,65,313,14,12,,135,35,109,189,85,35,26,340,273,2,10,46,1,8,23.92,90.76
,"Hunter, Lachie",,25,326,125,220,10,7,,60,27,101,48,57,34,9,145,402,2,15,52,15,22,21.84,84.28
,"Duryea, Taylor",,25,281,132,156,1,,,48,79,50,11,49,22,15,108,295,10,,70,4,5,17.48,69.04
,"Treloar, Adam",,17,186,50,209,13,9,,73,17,64,55,54,11,16,154,238,1,3,15,16,12,23.23529412,86.35294118
,"Williams, Bailey",,23,247,104,136,1,2,,53,81,41,8,45,10,12,109,271,9,,81,10,5,16.65217391,66.04347826
,"Dunkley, Josh",,15,129,56,220,5,8,,78,15,32,59,35,15,7,152,209,4,2,46,4,5,23.26666667,89.26666667
,"English, Tim",,22,164,103,126,19,15,341,63,16,32,41,50,28,24,144,147,31,29,64,4,5,13.18181818,78.68181818
,"Naughton, Aaron",,25,186,153,94,47,40,2,39,,45,3,46,21,16,151,139,65,80,34,2,11,11.2,66.32
,"Keath, Alex",,23,161,110,117,,1,13,43,49,15,8,36,20,18,125,168,22,,125,1,,12.08695652,52.13043478
,"Johannisen, Jason",,25,152,67,99,15,12,,41,9,64,9,30,9,7,75,181,3,10,30,8,15,10.04,44.36
,"Bruce, Josh",,20,138,100,83,48,21,28,26,4,33,6,61,13,26,108,116,30,54,29,,7,11.05,62.8
,"Cordy, Zaine",,19,126,67,57,,,5,38,41,11,4,29,18,12,68,115,7,,133,1,,9.631578947,43.78947368
,"Scott, Anthony",,21,88,33,95,10,8,,35,8,30,12,23,17,5,91,108,5,6,25,2,6,8.714285714,36.33333333
,"Wood, Easton",,15,111,70,65,2,,,22,22,18,1,32,9,12,58,113,6,1,56,3,2,11.73333333,49.73333333
,"Hannan, Mitch",,17,114,59,53,14,13,6,51,2,38,5,27,11,8,78,95,11,16,9,2,4,9.823529412,54.05882353
,"Smith, Roarke",,14,79,29,88,3,4,,34,10,22,11,21,4,7,82,92,5,1,36,3,3,11.92857143,45.78571429
,"Weightman, Cody",,16,120,48,40,26,13,,30,4,34,4,29,25,9,75,83,11,25,17,,12,10,54.4375
,"Crozier, Hayden",,10,111,59,48,,,,14,30,12,1,14,6,4,44,113,4,,38,1,2,15.9,65.6
,"Lipinski, Patrick",,11,74,39,79,2,1,,22,17,20,13,16,2,5,37,119,1,3,8,,4,13.90909091,53.18181818
,"McNeil, Lachlan",,13,60,21,51,7,8,,24,,21,2,23,7,7,50,65,2,4,18,3,4,8.538461538,36.69230769
,"Garcia, Riley",,9,57,14,46,4,3,,17,3,22,6,21,6,8,48,54,1,3,7,4,5,11.44444444,42.44444444
,"Young, Lewis",,9,47,24,52,1,1,71,14,14,11,8,16,9,7,48,50,7,1,44,1,4,11,48.77777778
,"Vandermeer, Laitham",,11,46,24,50,6,8,,26,,20,2,21,6,9,49,53,4,8,9,1,8,8.727272727,39.72727273
,"Schache, Josh",,9,67,41,27,5,4,5,11,12,8,3,17,5,6,35,60,7,8,24,,3,10.44444444,49.77777778
,"Martin, Stefan",,9,29,11,64,1,,154,17,2,4,25,33,9,20,65,30,4,,20,,2,10.33333333,47.22222222
,"Richards, Ed",,5,43,16,25,1,,,9,12,8,2,11,4,5,24,45,1,,10,,,13.6,51.6
,"Wallis, Mitch",,6,28,20,33,4,2,,10,,11,4,13,5,3,28,33,3,7,3,,1,10.16666667,45.33333333
,"Gardner, Ryan",,9,37,20,18,,,,5,12,2,1,19,5,9,25,32,4,,62,,,6.111111111,22.77777778
,"Sweet, Jordon",,5,21,12,22,1,2,99,19,2,9,12,16,8,10,22,23,1,2,17,,1,8.6,60.8
,"McLean, Toby",,3,17,9,25,2,2,,13,1,5,5,6,3,1,15,30,,2,7,,2,14,64.66666667
,"Ugle-Hagan, Jamarra",,5,25,14,10,7,2,,8,,6,1,13,3,2,15,22,3,9,5,,1,7,42
,"Khamis, Buku",,1,7,1,4,,,,1,1,1,,3,1,2,5,5,,,4,,,11,31
,"Butler, Louis",,1,6,5,4,,,,2,,,1,2,,1,1,9,,1,1,,,10,46
,"West, Rhylee",,4,6,2,3,,2,,3,,3,1,6,,5,2,7,,1,1,,,2.25,7.25
,"Jong, Lin",,1,2,2,2,,1,,,,,1,,,,2,3,,1,,,,4,17
,"Cavarra, Ben",,1,1,1,,,,,1,,1,,,1,,1,1,,,,,,1,11
,,,,,,,,,,,,,,,,,,,,,,,,#DIV/0!,
,,,,,,,,,,,,,,,,,,,,,,,,#DIV/0!,
